invoice_id,client_id,issue_date,due_date,payment_date,amount_eur,status
INV-00001,C033,2024-07-30,2024-08-29,2024-08-25,7301.0,Paga
INV-00002,C006,2024-07-28,2024-08-27,2024-08-31,7700.28,Paga
INV-00003,C016,2024-07-13,2024-09-11,2024-09-16,27661.4,Paga
INV-00004,C039,2024-07-02,2024-08-31,2024-08-26,13194.93,Paga
INV-00005,C034,2024-07-11,2024-09-09,2024-09-06,21905.35,Paga
INV-00006,C016,2024-07-09,2024-09-07,2024-09-10,10541.94,Paga
INV-00007,C021,2024-07-30,2024-08-29,2024-08-25,6510.34,Paga
INV-00008,C037,2024-07-04,2024-08-03,2024-08-03,7911.3,Paga
INV-00009,C023,2024-07-29,2024-08-13,2024-08-13,2723.31,Paga
INV-00010,C029,2024-07-27,2024-08-11,2024-08-08,1570.33,Paga
INV-00011,C052,2024-07-21,2024-09-19,2024-09-16,8800.43,Paga
INV-00012,C043,2024-07-04,2024-07-14,2024-08-15,2583.45,Paga
INV-00013,C007,2024-07-24,2024-10-02,2024-09-29,13254.61,Paga
INV-00014,C046,2024-07-11,2024-08-10,2024-08-15,7427.47,Paga
INV-00015,C032,2024-07-09,2024-09-02,2024-08-28,28095.27,Paga
INV-00016,C028,2024-07-27,2024-08-11,2024-08-09,2189.17,Paga
INV-00017,C041,2024-07-09,2024-09-07,2024-09-10,21588.18,Paga
INV-00018,C036,2024-07-01,2024-07-31,2024-08-06,10681.15,Paga
INV-00019,C010,2024-07-18,2024-07-28,2024-07-27,2920.33,Paga
INV-00020,C028,2024-07-05,2024-07-20,2024-07-19,2908.2,Paga
INV-00021,C003,2024-07-29,2024-08-28,2024-09-01,4341.4,Paga
INV-00022,C023,2024-07-25,2024-08-09,2024-08-04,740.37,Paga
INV-00023,C048,2024-07-05,2024-08-14,2024-08-10,7993.61,Paga
INV-00024,C052,2024-07-26,2024-09-24,2024-09-27,20874.06,Paga
INV-00025,C022,2024-07-26,2024-09-19,2024-09-14,28287.5,Paga
INV-00026,C052,2024-07-08,2024-09-06,2024-09-13,16831.57,Paga
INV-00027,C003,2024-07-28,2024-08-27,2024-08-26,5007.68,Paga
INV-00028,C023,2024-07-10,2024-07-25,2024-07-20,2868.67,Paga
INV-00029,C043,2024-07-07,2024-07-17,2024-08-28,1700.11,Paga
INV-00030,C050,2024-07-09,2024-07-29,2024-08-01,1654.52,Paga
INV-00031,C054,2024-07-18,2024-09-26,2024-09-25,17272.5,Paga
INV-00032,C017,2024-07-06,2024-07-16,,300,Vencida
INV-00033,C039,2024-07-14,2024-09-12,2024-09-11,9242.46,Paga
INV-00034,C033,2024-07-04,2024-08-03,2024-07-29,4127.27,Paga
INV-00035,C046,2024-07-14,2024-08-13,,5692.55,Vencida
INV-00036,C052,2024-07-18,2024-09-16,2024-09-11,12220.88,Paga
INV-00037,C013,2024-08-12,2024-10-06,2024-10-09,4045.91,Paga
INV-00038,C040,2024-08-11,2024-10-20,2024-10-16,16317.1,Paga
INV-00039,C033,2024-08-10,2024-09-09,2024-09-04,5491.72,Paga
INV-00040,C036,2024-08-05,2024-09-04,2024-09-09,7702.22,Paga
INV-00041,C048,2024-08-29,2024-10-08,2024-10-12,7856.25,Paga
INV-00042,C054,2024-08-01,2024-10-10,2024-10-11,16562.83,Paga
INV-00043,C039,2024-08-21,2024-10-20,2024-10-23,15016.76,Paga
INV-00044,C033,2024-08-16,2024-09-15,2024-09-10,8065.3,Paga
INV-00045,C043,2024-08-03,2024-08-13,2024-08-18,1960.44,Paga
INV-00046,C006,2024-08-27,2024-09-26,2024-09-23,8089.53,Paga
INV-00047,C052,2024-08-07,2024-10-06,2024-10-05,19165.05,Paga
INV-00048,C040,2024-08-28,2024-11-06,2024-11-01,18805.07,Paga
INV-00049,C037,2024-08-07,2024-09-06,2024-09-01,6057.54,Paga
INV-00050,C010,2024-08-21,2024-08-31,2024-08-26,1578.61,Paga
INV-00051,C007,2024-08-25,2024-11-03,2024-11-02,14506.82,Paga
INV-00052,C034,2024-08-15,2024-10-14,2024-10-13,22534.36,Paga
INV-00053,C030,2024-08-05,2024-08-15,2024-08-10,2562.8,Paga
INV-00054,C039,2024-08-11,2024-10-10,2024-10-05,30627.14,Paga
INV-00055,C047,2024-08-29,2024-10-28,2024-10-26,6134.2,Paga
INV-00056,C011,2024-08-24,2024-10-23,2024-10-18,22441.25,Paga
INV-00057,C054,2024-08-21,2024-10-30,2024-11-06,16134.42,Paga
INV-00058,C016,2024-08-09,2024-10-08,2024-10-09,8740.63,Paga
INV-00059,C022,2024-08-11,2024-10-05,2024-10-02,20020.7,Paga
INV-00060,C025,2024-08-23,2024-09-17,2024-09-18,7405.22,Paga
INV-00061,C022,2024-08-18,2024-10-12,2024-10-10,15792.55,Paga
INV-00062,C025,2024-08-29,2024-09-23,,7182.05,Vencida
INV-00063,C049,2024-08-19,2024-10-13,2024-10-16,2893.18,Paga
INV-00064,C049,2024-08-13,2024-10-07,2024-10-10,18217.27,Paga
INV-00065,C048,2024-08-24,2024-10-03,2024-09-28,5816.12,Paga
INV-00066,C015,2024-08-09,2024-09-18,2024-09-20,5529.7,Paga
INV-00067,C044,2024-08-26,2024-09-20,2024-09-21,6873.47,Paga
INV-00068,C009,2024-08-20,2024-09-14,2024-09-18,2944.06,Paga
INV-00069,C043,2024-08-01,2024-08-11,2024-08-26,1630.93,Paga
INV-00070,C012,2024-08-02,2024-08-17,2024-08-12,2870.53,Paga
INV-00071,C022,2024-09-25,2024-11-19,2024-11-15,24134.67,Paga
INV-00072,C027,2024-09-09,2024-11-08,2024-11-03,33240.03,Paga
INV-00073,C004,2024-09-12,2024-10-22,2024-10-31,7201.66,Paga
INV-00074,C003,2024-09-25,2024-10-25,,8887.56,Vencida
INV-00075,C016,2024-09-07,2024-11-06,2024-11-01,22668.52,Paga
INV-00076,C031,2024-09-22,2024-10-22,2024-10-28,10660.37,Paga
INV-00077,C017,2024-09-25,2024-10-05,2024-10-08,1486.03,Paga
INV-00078,C046,2024-09-04,2024-10-04,2024-09-29,6736.39,Paga
INV-00079,C038,2024-09-01,2024-11-10,2024-11-05,25440.58,Paga
INV-00080,C025,2024-09-13,2024-10-08,2024-10-05,7911.55,Paga
INV-00081,C054,2024-09-21,2024-11-30,2024-12-06,18437.38,Paga
INV-00082,C044,2024-09-20,2024-10-15,2024-10-10,7887.21,Paga
INV-00083,C003,2024-09-12,2024-10-12,2024-11-11,3221.98,Paga
INV-00084,C042,2024-09-11,2024-10-11,2024-10-09,8867.3,Paga
INV-00085,C028,2024-09-12,2024-09-27,2024-09-22,1247.44,Paga
INV-00086,C028,2024-09-06,2024-09-21,2024-09-16,1996.93,Paga
INV-00087,C052,2024-09-30,2024-11-29,2024-11-26,10965.45,Paga
INV-00088,C047,2024-09-19,2024-11-18,2024-11-26,16580.49,Paga
INV-00089,C006,2024-09-09,2024-10-09,2024-10-04,7751.87,Paga
INV-00090,C040,2024-09-22,2024-12-01,2024-11-30,16898.33,Paga
INV-00091,C012,2024-09-16,2024-10-01,2024-10-08,2524.61,Paga
INV-00092,C039,2024-09-23,2024-11-22,2024-11-17,23854.27,Paga
INV-00093,C013,2024-09-03,2024-10-28,2024-10-31,18349.3,Paga
INV-00094,C016,2024-09-23,2024-11-22,2024-11-21,8173.68,Paga
INV-00095,C002,2024-09-03,2024-10-28,2024-10-31,16240.28,Paga
INV-00096,C043,2024-09-19,2024-09-29,2024-10-02,1535.06,Paga
INV-00097,C048,2024-09-18,2024-10-28,2024-11-02,4777.13,Paga
INV-00098,C017,2024-09-08,2024-09-18,2024-10-30,2565.72,Paga
INV-00099,C035,2024-09-25,2024-10-25,2024-10-20,5955.28,Paga
INV-00100,C018,2024-09-24,2024-11-23,2024-11-18,8995.87,Paga
INV-00101,C007,2024-09-27,2024-12-06,2024-12-07,19556.84,Paga
INV-00102,C001,2024-09-23,2024-10-23,2024-10-20,4719.94,Paga
INV-00103,C036,2024-09-10,2024-10-10,2024-10-06,6116.52,Paga
INV-00104,C032,2024-09-04,2024-10-29,2024-10-24,23736.16,Paga
INV-00105,C029,2024-09-11,2024-09-26,2024-09-25,2300.24,Paga
INV-00106,C031,2024-09-04,2024-10-04,2024-10-25,7507.81,Paga
INV-00107,C041,2024-09-22,2024-11-21,2024-11-20,21380.07,Paga
INV-00108,C020,2024-09-03,2024-10-03,2024-10-01,7641.55,Paga
INV-00109,C039,2024-09-20,2024-11-19,2024-11-14,19140.89,Paga
INV-00110,C029,2024-09-30,2024-10-15,2024-10-16,770.49,Paga
INV-00111,C020,2024-09-19,2024-10-19,2024-10-14,4239.15,Paga
INV-00112,C049,2024-09-07,2024-11-01,2024-10-27,14518.35,Paga
INV-00113,C016,2024-09-06,2024-11-05,2024-11-02,14518.38,Paga
INV-00114,C045,2024-09-20,2024-10-25,2024-10-23,5924.35,Paga
INV-00115,C019,2024-09-23,2024-10-23,2024-10-20,7055.61,Paga
INV-00116,C017,2024-09-26,2024-10-06,2024-10-01,2463.43,Paga
INV-00117,C013,2024-09-14,2024-11-08,2024-11-08,21376.66,Paga
INV-00118,C018,2024-09-27,2024-11-26,2024-11-25,19384.22,Paga
INV-00119,C039,2024-09-24,2024-11-23,2024-11-18,24386.9,Paga
INV-00120,C030,2024-09-23,2024-10-03,2024-10-06,1939.49,Paga
INV-00121,C035,2024-10-16,2024-11-15,2024-11-16,3660.4,Paga
INV-00122,C048,2024-10-11,2024-11-20,2024-11-17,6085.9,Paga
INV-00123,C044,2024-10-27,2024-11-21,,8436.42,Vencida
INV-00124,C049,2024-10-22,2024-12-16,2024-12-11,11560.68,Paga
INV-00125,C012,2024-10-16,2024-10-31,2024-10-26,1597.62,Paga
INV-00126,C038,2024-10-14,2024-12-23,2024-12-19,19806.08,Paga
INV-00127,C023,2024-10-14,2024-10-29,2024-10-24,2217.5,Paga
INV-00128,C022,2024-10-14,2024-12-08,2024-12-03,7092.26,Paga
INV-00129,C053,2024-10-25,2024-11-29,2024-11-24,11825.34,Paga
INV-00130,C021,2024-10-04,2024-11-03,2024-10-29,7053.67,Paga
INV-00131,C001,2024-10-22,2024-11-21,2024-11-17,8049.15,Paga
INV-00132,C034,2024-10-12,2024-12-11,2024-12-06,18497.72,Paga
INV-00133,C004,2024-10-07,2024-11-16,2024-11-17,6523.27,Paga
INV-00134,C045,2024-10-16,2024-11-20,2024-11-25,7875.13,Paga
INV-00135,C016,2024-10-23,2024-12-22,2024-12-17,16550.44,Paga
INV-00136,C006,2024-10-08,2024-11-07,2024-11-10,5594.35,Paga
INV-00137,C008,2024-10-21,2024-11-15,2024-11-10,5183.38,Paga
INV-00138,C033,2024-10-23,2024-11-22,2024-11-27,6536.87,Paga
INV-00139,C016,2024-10-15,2024-12-14,2024-12-09,2792.57,Paga
INV-00140,C033,2024-10-24,2024-11-23,2024-11-24,9931.28,Paga
INV-00141,C051,2024-10-28,2024-12-02,2024-12-05,5120.39,Paga
INV-00142,C053,2024-10-01,2024-11-05,2024-11-01,5412.57,Paga
INV-00143,C043,2024-10-16,2024-10-26,2024-10-21,3176.65,Paga
INV-00144,C022,2024-10-18,2024-12-12,2024-12-07,20389.68,Paga
INV-00145,C013,2024-10-23,2024-12-17,2024-12-12,28208.84,Paga
INV-00146,C027,2024-10-02,2024-12-01,2024-11-26,26320.38,Paga
INV-00147,C025,2024-10-13,2024-11-07,2024-11-07,7350.42,Paga
INV-00148,C010,2024-10-16,2024-10-26,2024-11-02,1120.65,Paga
INV-00149,C022,2024-10-28,2024-12-22,2024-12-21,29642.6,Paga
INV-00150,C030,2024-10-01,2024-10-11,2024-10-06,1908.15,Paga
INV-00151,C010,2024-10-03,2024-10-13,2024-10-15,2801.88,Paga
INV-00152,C045,2024-10-13,2024-11-17,2024-11-21,6102.25,Paga
INV-00153,C055,2024-10-18,2024-12-22,2024-12-17,8111.9,Paga
INV-00154,C049,2024-10-16,2024-12-10,2024-12-10,27166.84,Paga
INV-00155,C041,2024-10-22,2024-12-21,2024-12-27,18530.49,Paga
INV-00156,C028,2024-10-04,2024-10-19,2024-10-16,2179.36,Paga
INV-00157,C011,2024-10-23,2024-12-22,2024-12-24,15221.14,Paga
INV-00158,C004,2024-10-10,2024-11-19,2024-11-14,6864.41,Paga
INV-00159,C027,2024-10-19,2024-12-18,2024-12-17,19988.82,Paga
INV-00160,C040,2024-10-28,2025-01-06,2025-01-02,21537.2,Paga
INV-00161,C038,2024-10-05,2024-12-14,2024-12-09,11250.16,Paga
INV-00162,C043,2024-10-01,2024-10-11,2024-10-06,1549.02,Paga
INV-00163,C035,2024-10-06,2024-11-05,2025-01-21,6905.82,Paga
INV-00164,C020,2024-10-21,2024-11-20,2024-11-16,4224.84,Paga
INV-00165,C020,2024-10-07,2024-11-06,2024-11-05,4161.16,Paga
INV-00166,C025,2024-10-19,2024-11-13,2024-11-09,5639.38,Paga
INV-00167,C002,2024-10-27,2024-12-21,2024-12-18,27363.45,Paga
INV-00168,C044,2024-10-25,2024-11-19,2024-11-24,9404.45,Paga
INV-00169,C032,2024-10-27,2024-12-21,2024-12-17,20609.38,Paga
INV-00170,C039,2024-10-26,2024-12-25,2024-12-20,28992.49,Paga
INV-00171,C044,2024-10-25,2024-11-19,2024-11-14,4102.02,Paga
INV-00172,C041,2024-10-04,2024-12-03,2024-11-28,7878.51,Paga
INV-00173,C029,2024-10-02,2024-10-17,2024-10-15,1673.56,Paga
INV-00174,C019,2024-10-11,2024-11-10,2024-11-09,5517.25,Paga
INV-00175,C035,2024-11-29,2024-12-29,2024-12-24,7581.49,Paga
INV-00176,C054,2024-11-06,2025-01-15,2025-01-16,15314.91,Paga
INV-00177,C052,2024-11-10,2025-01-09,2025-01-06,11556.68,Paga
INV-00178,C005,2024-11-05,2024-12-05,2024-12-04,7455.06,Paga
INV-00179,C044,2024-11-13,2024-12-08,2024-12-08,9877.03,Paga
INV-00180,C051,2024-11-13,2024-12-18,,4455.4,Vencida
INV-00181,C035,2024-11-04,2024-12-04,2024-12-04,3235.55,Paga
INV-00182,C038,2024-11-13,2025-01-22,2025-01-17,24573.25,Paga
INV-00183,C015,2024-11-16,2024-12-26,2024-12-26,11166.05,Paga
INV-00184,C040,2024-11-08,2025-01-17,2025-01-12,12633.46,Paga
INV-00185,C045,2024-11-10,2024-12-15,2025-01-13,5829.53,Paga
INV-00186,C003,2024-11-10,2024-12-10,2024-12-08,7629.98,Paga
INV-00187,C035,2024-11-05,2024-12-05,2024-12-06,4823.96,Paga
INV-00188,C045,2024-11-18,2024-12-23,2024-12-25,3227.06,Paga
INV-00189,C027,2024-11-21,2025-01-20,2025-01-21,23935.35,Paga
INV-00190,C018,2024-11-02,2025-01-01,2024-12-27,16383.91,Paga
INV-00191,C016,2024-11-28,2025-01-27,2025-02-05,6470.38,Paga
INV-00192,C042,2024-11-12,2024-12-12,2024-12-11,8197.24,Paga
INV-00193,C055,2024-11-27,2025-01-31,2025-01-31,9084.48,Paga
INV-00194,C039,2024-11-01,2024-12-31,2024-12-30,23390.93,Paga
INV-00195,C051,2024-11-19,2024-12-24,2024-12-31,7689.18,Paga
INV-00196,C038,2024-11-07,2025-01-16,2025-01-11,19770.77,Paga
INV-00197,C051,2024-11-29,2025-01-03,2024-12-30,4990.02,Paga
INV-00198,C009,2024-11-18,2024-12-13,2024-12-14,2198.04,Paga
INV-00199,C002,2024-11-05,2024-12-30,2024-12-29,29081.59,Paga
INV-00200,C021,2024-11-01,2024-12-01,2024-11-30,6842.01,Paga
INV-00201,C034,2024-11-04,2025-01-03,2024-12-29,17804.88,Paga
INV-00202,C033,2024-11-19,2024-12-19,2024-12-21,8585.51,Paga
INV-00203,C003,2024-11-24,2024-12-24,2024-12-19,7447.09,Paga
INV-00204,C030,2024-11-21,2024-12-01,2024-11-29,2465.85,Paga
INV-00205,C026,2024-11-14,2024-12-14,2024-12-09,5467.83,Paga
INV-00206,C005,2024-11-29,2024-12-29,2025-02-12,9222.0,Paga
INV-00207,C018,2024-11-20,2025-01-19,2025-01-14,12675.38,Paga
INV-00208,C039,2024-11-17,2025-01-16,2025-01-20,15918.55,Paga
INV-00209,C051,2024-11-23,2024-12-28,2024-12-31,8996.72,Paga
INV-00210,C036,2024-11-24,2024-12-24,2024-12-19,8100.97,Paga
INV-00211,C027,2024-11-11,2025-01-10,2025-01-05,20970.68,Paga
INV-00212,C021,2024-11-14,2024-12-14,2024-12-16,5831.92,Paga
INV-00213,C044,2024-11-30,2024-12-25,2025-01-30,5517.9,Paga
INV-00214,C028,2024-11-04,2024-11-19,2024-12-10,2174.73,Paga
INV-00215,C004,2024-11-19,2024-12-29,2024-12-25,9314.12,Paga
INV-00216,C027,2024-11-12,2025-01-11,2025-01-06,28509.59,Paga
INV-00217,C047,2024-11-02,2025-01-01,2024-12-29,26365.6,Paga
INV-00218,C037,2024-11-17,2024-12-17,2024-12-22,7271.79,Paga
INV-00219,C007,2024-11-12,2025-01-21,2025-01-16,21401.46,Paga
INV-00220,C037,2024-11-08,2024-12-08,2024-12-03,8046.02,Paga
INV-00221,C053,2024-11-20,2024-12-25,,4032.44,Vencida
INV-00222,C043,2024-11-27,2024-12-07,2024-12-09,1476.9,Paga
INV-00223,C049,2024-11-10,2025-01-04,2024-12-31,18910.68,Paga
INV-00224,C010,2024-11-19,2024-11-29,2024-12-04,2592.3,Paga
INV-00225,C002,2024-11-03,2024-12-28,2024-12-27,22384.55,Paga
INV-00226,C022,2024-11-06,2024-12-31,2024-12-27,24416.88,Paga
INV-00227,C037,2024-12-20,2025-01-19,2025-03-03,2622.37,Paga
INV-00228,C040,2024-12-02,2025-02-10,2025-02-07,19196.75,Paga
INV-00229,C032,2024-12-20,2025-02-13,2025-02-10,27189.13,Paga
INV-00230,C008,2024-12-12,2025-01-06,2025-01-02,10274.96,Paga
INV-00231,C032,2024-12-17,2025-02-10,2025-02-13,27284.4,Paga
INV-00232,C039,2024-12-02,2025-01-31,,19778.75,Vencida
INV-00233,C020,2024-12-07,2025-01-06,2025-01-01,6920.71,Paga
INV-00234,C008,2024-12-01,2024-12-26,2024-12-24,4085.68,Paga
INV-00235,C035,2024-12-23,2025-01-22,2025-01-26,6862.71,Paga
INV-00236,C023,2024-12-03,2024-12-18,2024-12-21,1188.41,Paga
INV-00237,C030,2024-12-30,2025-01-09,2025-01-09,2789.02,Paga
INV-00238,C026,2024-12-23,2025-01-22,2025-01-17,5302.3,Paga
INV-00239,C021,2024-12-06,2025-01-05,2024-12-31,7500.38,Paga
INV-00240,C024,2024-12-03,2024-12-23,2024-12-22,1864.16,Paga
INV-00241,C026,2024-12-17,2025-01-16,2025-01-19,10549.77,Paga
INV-00242,C015,2024-12-11,2025-01-20,2025-01-16,6664.99,Paga
INV-00243,C034,2024-12-17,2025-02-15,2025-02-21,21763.31,Paga
INV-00244,C053,2024-12-21,2025-01-25,2025-01-20,7163.73,Paga
INV-00245,C013,2024-12-06,2025-01-30,2025-01-25,9481.81,Paga
INV-00246,C012,2024-12-25,2025-01-09,2025-01-04,1603.35,Paga
INV-00247,C038,2024-12-15,2025-02-23,2025-02-18,12537.94,Paga
INV-00248,C040,2024-12-11,2025-02-19,2025-02-14,23821.37,Paga
INV-00249,C005,2024-12-16,2025-01-15,2025-01-15,4693.69,Paga
INV-00250,C004,2024-12-12,2025-01-21,2025-01-19,4540.68,Paga
INV-00251,C004,2024-12-12,2025-01-21,2025-01-17,6946.41,Paga
INV-00252,C055,2024-12-03,2025-02-06,2025-02-01,12379.33,Paga
INV-00253,C036,2024-12-26,2025-01-25,2025-01-22,6454.2,Paga
INV-00254,C037,2024-12-21,2025-01-20,2025-01-24,7673.31,Paga
INV-00255,C004,2024-12-15,2025-01-24,2025-01-28,10378.25,Paga
INV-00256,C046,2024-12-03,2025-01-02,2024-12-31,5100.32,Paga
INV-00257,C029,2024-12-15,2024-12-30,2024-12-27,1155.66,Paga
INV-00258,C019,2024-12-13,2025-01-12,2025-01-12,4762.77,Paga
INV-00259,C051,2024-12-21,2025-01-25,2025-01-22,5994.76,Paga
INV-00260,C044,2024-12-13,2025-01-07,2025-01-13,5723.08,Paga
INV-00261,C039,2024-12-28,2025-02-26,2025-02-26,19522.01,Paga
INV-00262,C023,2024-12-10,2024-12-25,2024-12-21,3367.87,Paga
INV-00263,C039,2024-12-23,2025-02-21,2025-02-17,23016.55,Paga
INV-00264,C051,2024-12-11,2025-01-15,2025-01-10,7810.05,Paga
INV-00265,C048,2024-12-22,2025-01-31,2025-01-28,7359.09,Paga
INV-00266,C033,2024-12-12,2025-01-11,2025-01-09,8442.68,Paga
INV-00267,C022,2024-12-25,2025-02-18,2025-02-16,13501.09,Paga
INV-00268,C005,2024-12-10,2025-01-09,2025-01-05,7087.4,Paga
INV-00269,C054,2024-12-24,2025-03-04,2025-03-01,19301.35,Paga
INV-00270,C050,2024-12-20,2025-01-09,2025-01-11,2708.93,Paga
INV-00271,C054,2024-12-23,2025-03-03,2025-02-26,19515.28,Paga
INV-00272,C029,2025-01-02,2025-01-17,2025-01-19,1220.12,Paga
INV-00273,C029,2025-01-20,2025-02-04,2025-02-10,1921.47,Paga
INV-00274,C035,2025-01-08,2025-02-07,2025-02-13,4989.89,Paga
INV-00275,C054,2025-01-07,2025-03-18,2025-03-25,7694.55,Paga
INV-00276,C030,2025-01-25,2025-02-04,2025-02-07,2050.23,Paga
INV-00277,C011,2025-01-27,2025-03-28,2025-04-01,20667.76,Paga
INV-00278,C004,2025-01-21,2025-03-02,2025-03-01,4324.8,Paga
INV-00279,C046,2025-01-28,2025-02-27,2025-04-02,5331.81,Paga
INV-00280,C011,2025-01-09,2025-03-10,2025-03-10,10819.0,Paga
INV-00281,C006,2025-01-30,2025-03-01,2025-03-04,6935.56,Paga
INV-00282,C002,2025-01-14,2025-03-10,2025-03-10,25026.55,Paga
INV-00283,C006,2025-01-12,2025-02-11,2025-02-13,6817.48,Paga
INV-00284,C046,2025-01-21,2025-02-20,2025-04-03,5847.24,Paga
INV-00285,C054,2025-01-16,2025-03-27,2025-03-22,16855.25,Paga
INV-00286,C029,2025-01-20,2025-02-04,2025-02-02,2512.68,Paga
INV-00287,C054,2025-01-05,2025-03-16,2025-03-12,8318.62,Paga
INV-00288,C008,2025-01-25,2025-02-19,2025-04-07,6043.33,Paga
INV-00289,C027,2025-01-21,2025-03-22,2025-03-17,19896.44,Paga
INV-00290,C032,2025-01-20,2025-03-16,2025-03-12,9320.04,Paga
INV-00291,C046,2025-01-05,2025-02-04,2025-02-02,6467.36,Paga
INV-00292,C037,2025-01-14,2025-02-13,2025-02-18,7796.88,Paga
INV-00293,C024,2025-01-03,2025-01-23,2025-01-19,3124.01,Paga
INV-00294,C033,2025-01-18,2025-02-17,2025-03-28,11086.97,Paga
INV-00295,C025,2025-01-12,2025-02-06,2025-02-05,6490.56,Paga
INV-00296,C023,2025-01-08,2025-01-23,2025-01-18,2084.12,Paga
INV-00297,C048,2025-01-25,2025-03-06,2025-03-05,6160.47,Paga
INV-00298,C053,2025-01-21,2025-02-25,2025-03-03,8293.03,Paga
INV-00299,C045,2025-01-16,2025-02-20,2025-03-07,3688.22,Paga
INV-00300,C050,2025-01-15,2025-02-04,2025-02-03,2702.8,Paga
INV-00301,C003,2025-01-11,2025-02-10,2025-02-06,9001.85,Paga
INV-00302,C035,2025-01-16,2025-02-15,2025-02-21,6420.76,Paga
INV-00303,C023,2025-01-28,2025-02-12,2025-02-07,2497.18,Paga
INV-00304,C008,2025-01-26,2025-02-20,2025-02-26,3274.92,Paga
INV-00305,C025,2025-01-11,2025-02-05,2025-02-02,9127.73,Paga
INV-00306,C052,2025-01-17,2025-03-18,2025-03-18,17725.65,Paga
INV-00307,C028,2025-01-20,2025-02-04,2025-02-02,2685.55,Paga
INV-00308,C007,2025-01-03,2025-03-14,2025-03-16,15519.63,Paga
INV-00309,C046,2025-01-14,2025-02-13,2025-02-16,7732.6,Paga
INV-00310,C047,2025-01-28,2025-03-29,2025-03-24,25394.72,Paga
INV-00311,C041,2025-01-26,2025-03-27,2025-03-24,20356.28,Paga
INV-00312,C024,2025-01-17,2025-02-06,2025-02-01,2566.5,Paga
INV-00313,C010,2025-02-28,2025-03-10,,1152.59,Vencida
INV-00314,C005,2025-02-08,2025-03-10,2025-03-05,4018.41,Paga
INV-00315,C037,2025-02-02,2025-03-04,2025-02-27,8164.24,Paga
INV-00316,C024,2025-02-15,2025-03-07,2025-03-02,505.99,Paga
INV-00317,C026,2025-02-11,2025-03-13,2025-03-11,5248.68,Paga
INV-00318,C048,2025-02-06,2025-03-18,2025-03-13,7616.45,Paga
INV-00319,C017,2025-02-25,2025-03-07,2025-03-02,2844.69,Paga
INV-00320,C019,2025-02-23,2025-03-25,2025-03-20,9025.5,Paga
INV-00321,C055,2025-02-03,2025-04-09,2025-04-11,18178.09,Paga
INV-00322,C006,2025-02-26,2025-03-28,2025-03-28,5032.13,Paga
INV-00323,C023,2025-02-23,2025-03-10,2025-03-25,1642.37,Paga
INV-00324,C055,2025-02-06,2025-04-12,2025-04-16,14523.98,Paga
INV-00325,C051,2025-02-12,2025-03-19,2025-03-19,5070.58,Paga
INV-00326,C009,2025-02-08,2025-03-05,2025-03-09,2556.3,Paga
INV-00327,C024,2025-02-15,2025-03-07,2025-03-02,2360.87,Paga
INV-00328,C006,2025-02-03,2025-03-05,2025-03-11,5501.94,Paga
INV-00329,C034,2025-02-14,2025-04-15,2025-04-14,17974.46,Paga
INV-00330,C021,2025-02-21,2025-03-23,2025-04-09,5702.36,Paga
INV-00331,C009,2025-02-27,2025-03-24,2025-03-20,2398.0,Paga
INV-00332,C009,2025-02-14,2025-03-11,2025-03-15,1824.38,Paga
INV-00333,C034,2025-02-05,2025-04-06,2025-04-10,9243.58,Paga
INV-00334,C015,2025-02-12,2025-03-24,2025-03-19,11022.69,Paga
INV-00335,C006,2025-02-09,2025-03-11,2025-03-13,6279.69,Paga
INV-00336,C041,2025-02-10,2025-04-11,2025-04-15,16633.28,Paga
INV-00337,C038,2025-02-19,2025-04-30,2025-04-25,22994.74,Paga
INV-00338,C039,2025-02-11,2025-04-12,2025-04-07,9548.24,Paga
INV-00339,C002,2025-02-03,2025-03-30,2025-03-25,13420.68,Paga
INV-00340,C042,2025-02-07,2025-03-09,2025-03-04,4184.01,Paga
INV-00341,C032,2025-02-21,2025-04-17,2025-04-12,22500.48,Paga
INV-00342,C016,2025-02-26,2025-04-27,2025-04-22,13842.41,Paga
INV-00343,C045,2025-02-02,2025-03-09,2025-03-04,7891.57,Paga
INV-00344,C022,2025-02-20,2025-04-16,2025-04-17,21560.2,Paga
INV-00345,C023,2025-02-13,2025-02-28,2025-03-22,1683.66,Paga
INV-00346,C021,2025-02-08,2025-03-10,2025-03-08,8623.12,Paga
INV-00347,C007,2025-02-02,2025-04-13,2025-04-08,22727.03,Paga
INV-00348,C016,2025-02-28,2025-04-29,2025-05-02,23794.19,Paga
INV-00349,C047,2025-02-11,2025-04-12,2025-04-19,4473.41,Paga
INV-00350,C030,2025-02-16,2025-02-26,2025-02-22,4353.28,Paga
INV-00351,C026,2025-02-17,2025-03-19,2025-03-17,6516.33,Paga
INV-00352,C004,2025-02-02,2025-03-14,2025-03-09,9505.29,Paga
INV-00353,C044,2025-02-16,2025-03-13,2025-03-13,3982.95,Paga
INV-00354,C009,2025-02-09,2025-03-06,2025-03-04,2218.86,Paga
INV-00355,C026,2025-02-02,2025-03-04,2025-03-04,4336.57,Paga
INV-00356,C005,2025-02-13,2025-03-15,2025-03-13,9215.04,Paga
INV-00357,C040,2025-03-22,2025-05-31,2025-05-31,12917.37,Paga
INV-00358,C024,2025-03-26,2025-04-15,2025-04-10,2451.12,Paga
INV-00359,C010,2025-03-07,2025-03-17,2025-03-14,1938.9,Paga
INV-00360,C003,2025-03-05,2025-04-04,2025-04-04,6878.71,Paga
INV-00361,C010,2025-03-20,2025-03-30,2025-04-04,1321.03,Paga
INV-00362,C021,2025-03-06,2025-04-05,2025-03-31,10552.92,Paga
INV-00363,C038,2025-03-11,2025-05-20,2025-05-15,9902.93,Paga
INV-00364,C037,2025-03-10,2025-04-09,2025-04-11,6339.0,Paga
INV-00365,C008,2025-03-14,2025-04-08,2025-04-08,6712.94,Paga
INV-00366,C045,2025-03-21,2025-04-25,,2999.42,Vencida
INV-00367,C031,2025-03-09,2025-04-08,2025-04-04,10391.46,Paga
INV-00368,C037,2025-03-08,2025-04-07,2025-04-02,5961.81,Paga
INV-00369,C041,2025-03-24,2025-05-23,2025-05-18,9176.57,Paga
INV-00370,C044,2025-03-08,2025-04-02,2025-04-02,11927.19,Paga
INV-00371,C002,2025-03-15,2025-05-09,2025-05-10,16593.43,Paga
INV-00372,C027,2025-03-17,2025-05-16,2025-05-11,20215.46,Paga
INV-00373,C048,2025-03-24,2025-05-03,2025-05-02,7646.47,Paga
INV-00374,C021,2025-03-22,2025-04-21,2025-04-20,4307.85,Paga
INV-00375,C030,2025-03-30,2025-04-09,2025-04-06,1252.86,Paga
INV-00376,C047,2025-03-22,2025-05-21,2025-05-16,11982.31,Paga
INV-00377,C013,2025-03-08,2025-05-02,2025-05-04,17038.5,Paga
INV-00378,C020,2025-03-25,2025-04-24,2025-04-25,6123.78,Paga
INV-00379,C021,2025-03-16,2025-04-15,2025-04-22,3417.13,Paga
INV-00380,C018,2025-03-10,2025-05-09,2025-05-12,24824.0,Paga
INV-00381,C026,2025-03-27,2025-04-26,2025-05-01,4294.94,Paga
INV-00382,C003,2025-03-10,2025-04-09,2025-04-06,7386.99,Paga
INV-00383,C042,2025-03-09,2025-04-08,2025-04-03,6473.6,Paga
INV-00384,C018,2025-03-30,2025-05-29,2025-05-25,13360.21,Paga
INV-00385,C048,2025-03-19,2025-04-28,2025-04-28,6549.42,Paga
INV-00386,C015,2025-03-21,2025-04-30,2025-04-30,6612.52,Paga
INV-00387,C031,2025-03-04,2025-04-03,2025-03-30,5981.61,Paga
INV-00388,C011,2025-03-14,2025-05-13,2025-05-08,10557.03,Paga
INV-00389,C042,2025-03-07,2025-04-06,2025-04-01,6569.52,Paga
INV-00390,C004,2025-03-30,2025-05-09,2025-05-04,6888.16,Paga
INV-00391,C048,2025-03-24,2025-05-03,2025-04-30,6869.76,Paga
INV-00392,C027,2025-03-29,2025-05-28,2025-06-12,25681.51,Paga
INV-00393,C054,2025-03-13,2025-05-22,2025-05-17,18955.79,Paga
INV-00394,C019,2025-03-29,2025-04-28,2025-04-27,8362.45,Paga
INV-00395,C022,2025-03-10,2025-05-04,2025-05-04,9347.02,Paga
INV-00396,C009,2025-03-28,2025-04-22,2025-04-20,1585.56,Paga
INV-00397,C022,2025-03-06,2025-04-30,2025-04-25,16922.09,Paga
INV-00398,C001,2025-03-24,2025-04-23,2025-04-25,5510.01,Paga
INV-00399,C013,2025-03-06,2025-04-30,2025-04-25,11107.66,Paga
INV-00400,C028,2025-03-17,2025-04-01,2025-05-19,1833.47,Paga
INV-00401,C009,2025-03-16,2025-04-10,2025-04-11,1940.6,Paga
INV-00402,C016,2025-03-15,2025-05-14,2025-05-09,18369.03,Paga
INV-00403,C047,2025-03-19,2025-05-18,2025-05-17,27151.0,Paga
INV-00404,C004,2025-03-22,2025-05-01,2025-05-02,7934.53,Paga
INV-00405,C033,2025-03-30,2025-04-29,2025-04-24,9304.84,Paga
INV-00406,C008,2025-03-21,2025-04-15,2025-04-11,8144.26,Paga
INV-00407,C015,2025-03-05,2025-04-14,2025-04-13,4017.03,Paga
INV-00408,C024,2025-03-14,2025-04-03,2025-03-29,1694.18,Paga
INV-00409,C052,2025-04-22,2025-06-21,2025-06-16,22881.23,Paga
INV-00410,C039,2025-04-28,2025-06-27,2025-06-22,19789.76,Paga
INV-00411,C024,2025-04-03,2025-04-23,2025-04-20,2526.02,Paga
INV-00412,C033,2025-04-07,2025-05-07,2025-05-04,5336.58,Paga
INV-00413,C034,2025-04-15,2025-06-14,2025-06-14,21182.45,Paga
INV-00414,C006,2025-04-29,2025-05-29,2025-05-26,2371.2,Paga
INV-00415,C033,2025-04-14,2025-05-14,2025-05-12,5744.13,Paga
INV-00416,C052,2025-04-10,2025-06-09,2025-06-04,16942.98,Paga
INV-00417,C048,2025-04-07,2025-05-17,2025-05-14,5889.53,Paga
INV-00418,C005,2025-04-18,2025-05-18,2025-06-21,11809.34,Paga
INV-00419,C031,2025-04-02,2025-05-02,2025-05-03,6169.02,Paga
INV-00420,C042,2025-04-24,2025-05-24,2025-05-19,5054.18,Paga
INV-00421,C025,2025-04-15,2025-05-10,2025-05-05,9883.85,Paga
INV-00422,C044,2025-04-22,2025-05-17,2025-05-13,7357.0,Paga
INV-00423,C008,2025-04-06,2025-05-01,2025-04-29,8771.16,Paga
INV-00424,C015,2025-04-27,2025-06-06,2025-06-04,6987.79,Paga
INV-00425,C044,2025-04-24,2025-05-19,2025-05-15,3805.37,Paga
INV-00426,C016,2025-04-15,2025-06-14,2025-06-15,15125.73,Paga
INV-00427,C047,2025-04-25,2025-06-24,2025-06-28,26707.37,Paga
INV-00428,C050,2025-04-30,2025-05-20,2025-05-17,2301.87,Paga
INV-00429,C007,2025-04-20,2025-06-29,2025-06-28,26314.24,Paga
INV-00430,C004,2025-04-08,2025-05-18,2025-05-13,6362.91,Paga
INV-00431,C014,2025-04-25,2025-05-25,2025-05-22,7008.19,Paga
INV-00432,C019,2025-04-08,2025-05-08,2025-05-03,7981.94,Paga
INV-00433,C039,2025-04-25,2025-06-24,2025-06-19,15408.65,Paga
INV-00434,C010,2025-04-22,2025-05-02,2025-04-29,1411.57,Paga
INV-00435,C036,2025-04-19,2025-05-19,2025-05-14,10146.56,Paga
INV-00436,C028,2025-04-18,2025-05-03,2025-05-01,300,Paga
INV-00437,C043,2025-04-13,2025-04-23,2025-04-18,2350.49,Paga
INV-00438,C010,2025-04-10,2025-04-20,2025-04-24,1279.25,Paga
INV-00439,C055,2025-04-08,2025-06-12,2025-06-17,14903.66,Paga
INV-00440,C004,2025-04-18,2025-05-28,2025-05-29,4485.15,Paga
INV-00441,C025,2025-04-08,2025-05-03,2025-06-20,6436.07,Paga
INV-00442,C029,2025-04-28,2025-05-13,2025-05-15,1542.43,Paga
INV-00443,C004,2025-04-09,2025-05-19,2025-07-07,4277.83,Paga
INV-00444,C005,2025-04-07,2025-05-07,2025-05-02,7519.42,Paga
INV-00445,C014,2025-04-16,2025-05-16,2025-05-25,7766.69,Paga
INV-00446,C001,2025-04-07,2025-05-07,2025-05-02,11872.13,Paga
INV-00447,C049,2025-04-16,2025-06-10,2025-06-05,26346.52,Paga
INV-00448,C026,2025-04-30,2025-05-30,2025-06-01,6634.25,Paga
INV-00449,C030,2025-04-18,2025-04-28,2025-04-23,1807.02,Paga
INV-00450,C032,2025-04-15,2025-06-09,2025-06-15,32471.07,Paga
INV-00451,C054,2025-04-11,2025-06-20,2025-06-16,23206.02,Paga
INV-00452,C037,2025-04-28,2025-05-28,2025-05-29,6729.38,Paga
INV-00453,C038,2025-04-19,2025-06-28,2025-06-23,17012.95,Paga
INV-00454,C015,2025-04-13,2025-05-23,2025-05-19,4953.11,Paga
INV-00455,C044,2025-04-11,2025-05-06,2025-05-13,6305.61,Paga
INV-00456,C042,2025-04-24,2025-05-24,2025-05-22,5121.56,Paga
INV-00457,C011,2025-04-05,2025-06-04,2025-05-30,16647.54,Paga
INV-00458,C035,2025-04-21,2025-05-21,2025-05-17,9172.35,Paga
INV-00459,C005,2025-05-27,2025-06-26,2025-06-21,4598.7,Paga
INV-00460,C054,2025-05-21,2025-07-30,,19149.24,Vencida
INV-00461,C033,2025-05-15,2025-06-14,2025-06-09,10041.3,Paga
INV-00462,C040,2025-05-30,2025-08-08,2025-08-05,11699.77,Paga
INV-00463,C036,2025-05-14,2025-06-13,,6519.98,Vencida
INV-00464,C034,2025-05-24,2025-07-23,2025-10-07,15313.37,Paga
INV-00465,C053,2025-05-23,2025-06-27,2025-06-22,4606.76,Paga
INV-00466,C007,2025-05-30,2025-08-08,2025-08-08,20942.11,Paga
INV-00467,C034,2025-05-09,2025-07-08,2025-07-03,19979.59,Paga
INV-00468,C024,2025-05-13,2025-06-02,2025-06-01,1644.13,Paga
INV-00469,C020,2025-05-22,2025-06-21,2025-06-17,6939.38,Paga
INV-00470,C042,2025-05-25,2025-06-24,2025-06-23,8773.49,Paga
INV-00471,C031,2025-05-02,2025-06-01,2025-06-18,4185.53,Paga
INV-00472,C055,2025-05-14,2025-07-18,2025-07-13,14533.49,Paga
INV-00473,C007,2025-05-29,2025-08-07,2025-08-05,16171.12,Paga
INV-00474,C045,2025-05-29,2025-07-03,2025-06-29,4847.76,Paga
INV-00475,C044,2025-05-30,2025-06-24,2025-06-28,5959.94,Paga
INV-00476,C012,2025-05-30,2025-06-14,2025-06-11,2280.71,Paga
INV-00477,C010,2025-05-25,2025-06-04,2025-05-30,2813.64,Paga
INV-00478,C020,2025-05-06,2025-06-05,2025-05-31,3792.13,Paga
INV-00479,C044,2025-05-29,2025-06-23,2025-06-20,4333.42,Paga
INV-00480,C051,2025-05-23,2025-06-27,2025-06-22,6066.58,Paga
INV-00481,C004,2025-05-04,2025-06-13,2025-06-15,2489.52,Paga
INV-00482,C050,2025-05-20,2025-06-09,2025-06-06,2943.18,Paga
INV-00483,C002,2025-05-21,2025-07-15,2025-07-28,15118.42,Paga
INV-00484,C023,2025-05-18,2025-06-02,2025-05-29,2963.43,Paga
INV-00485,C043,2025-05-13,2025-05-23,2025-05-25,3117.87,Paga
INV-00486,C046,2025-05-03,2025-06-02,2025-06-01,7645.65,Paga
INV-00487,C041,2025-05-05,2025-07-04,2025-06-29,17642.9,Paga
INV-00488,C001,2025-05-10,2025-06-09,2025-06-10,2878.78,Paga
INV-00489,C006,2025-05-06,2025-06-05,2025-06-06,3865.72,Paga
INV-00490,C007,2025-05-01,2025-07-10,2025-07-11,24771.92,Paga
INV-00491,C051,2025-05-11,2025-06-15,2025-06-12,6734.92,Paga
INV-00492,C050,2025-05-03,2025-05-23,2025-05-18,2044.79,Paga
INV-00493,C016,2025-05-19,2025-07-18,2025-07-15,8504.02,Paga
INV-00494,C018,2025-05-10,2025-07-09,2025-07-10,17591.66,Paga
INV-00495,C018,2025-05-14,2025-07-13,2025-07-19,14614.87,Paga
INV-00496,C016,2025-05-24,2025-07-23,2025-07-18,12021.49,Paga
INV-00497,C007,2025-05-05,2025-07-14,2025-07-23,12827.77,Paga
INV-00498,C040,2025-05-13,2025-07-22,2025-07-17,19877.47,Paga
INV-00499,C053,2025-05-27,2025-07-01,2025-06-26,10407.89,Paga
INV-00500,C021,2025-05-20,2025-06-19,2025-06-16,7940.61,Paga
INV-00501,C026,2025-05-11,2025-06-10,2025-06-15,5597.3,Paga
INV-00502,C037,2025-05-26,2025-06-25,2025-06-28,6605.14,Paga
INV-00503,C026,2025-05-12,2025-06-11,2025-06-13,8711.86,Paga
INV-00504,C035,2025-05-06,2025-06-05,2025-05-31,5303.79,Paga
INV-00505,C030,2025-05-23,2025-06-02,2025-06-09,2545.27,Paga
INV-00506,C005,2025-05-27,2025-06-26,2025-06-21,8835.04,Paga
INV-00507,C009,2025-05-21,2025-06-15,2025-07-31,2008.47,Paga
INV-00508,C028,2025-05-26,2025-06-10,2025-06-12,1598.09,Paga
INV-00509,C038,2025-05-13,2025-07-22,2025-07-18,4047.51,Paga
INV-00510,C027,2025-05-18,2025-07-17,2025-07-18,34121.97,Paga
INV-00511,C052,2025-05-18,2025-07-17,2025-07-12,6388.92,Paga
INV-00512,C016,2025-05-22,2025-07-21,2025-07-16,16059.26,Paga
INV-00513,C037,2025-06-21,2025-07-21,2025-07-16,5488.63,Paga
INV-00514,C051,2025-06-14,2025-07-19,2025-07-18,7315.31,Paga
INV-00515,C048,2025-06-17,2025-07-27,2025-07-22,3257.21,Paga
INV-00516,C024,2025-06-13,2025-07-03,2025-07-03,1069.47,Paga
INV-00517,C010,2025-06-12,2025-06-22,2025-06-20,3084.08,Paga
INV-00518,C006,2025-06-04,2025-07-04,2025-06-29,8300.6,Paga
INV-00519,C022,2025-06-15,2025-08-09,2025-08-04,19633.48,Paga
INV-00520,C007,2025-06-15,2025-08-24,2025-08-19,16789.54,Paga
INV-00521,C003,2025-06-26,2025-07-26,2025-07-23,6381.37,Paga
INV-00522,C007,2025-06-22,2025-08-31,2025-08-26,22493.13,Paga
INV-00523,C034,2025-06-06,2025-08-05,2025-08-02,12649.15,Paga
INV-00524,C030,2025-06-08,2025-06-18,2025-06-13,2520.84,Paga
INV-00525,C043,2025-06-14,2025-06-24,2025-06-27,1202.24,Paga
INV-00526,C029,2025-06-19,2025-07-04,2025-07-02,2134.29,Paga
INV-00527,C018,2025-06-25,2025-08-24,2025-08-19,14782.03,Paga
INV-00528,C052,2025-06-28,2025-08-27,2025-08-24,12148.45,Paga
INV-00529,C008,2025-06-09,2025-07-04,2025-06-29,5239.29,Paga
INV-00530,C021,2025-06-20,2025-07-20,2025-07-21,4762.2,Paga
INV-00531,C023,2025-06-28,2025-07-13,2025-07-12,1742.63,Paga
INV-00532,C052,2025-06-10,2025-08-09,2025-08-04,25340.07,Paga
INV-00533,C021,2025-06-04,2025-07-04,2025-07-04,6581.4,Paga
INV-00534,C010,2025-06-17,2025-06-27,2025-06-29,1407.17,Paga
INV-00535,C028,2025-06-06,2025-06-21,2025-06-20,1247.28,Paga
INV-00536,C012,2025-06-18,2025-07-03,2025-07-05,2517.19,Paga
INV-00537,C054,2025-06-15,2025-08-24,2025-08-19,8768.45,Paga
INV-00538,C032,2025-06-05,2025-07-30,2025-08-02,20095.82,Paga
INV-00539,C042,2025-06-16,2025-07-16,2025-07-17,4273.06,Paga
INV-00540,C029,2025-06-16,2025-07-01,2025-07-05,2693.85,Paga
INV-00541,C015,2025-06-10,2025-07-20,2025-07-19,8089.55,Paga
INV-00542,C050,2025-06-15,2025-07-05,2025-06-30,986.02,Paga
INV-00543,C033,2025-06-04,2025-07-04,2025-06-30,4887.67,Paga
INV-00544,C024,2025-06-18,2025-07-08,2025-07-05,2298.9,Paga
INV-00545,C035,2025-06-07,2025-07-07,2025-07-05,7555.38,Paga
INV-00546,C049,2025-06-08,2025-08-02,2025-08-18,10900.02,Paga
INV-00547,C023,2025-06-28,2025-07-13,2025-07-08,2537.07,Paga
INV-00548,C050,2025-06-26,2025-07-16,2025-07-23,2315.1,Paga
INV-00549,C023,2025-06-28,2025-07-13,2025-07-08,1933.96,Paga
INV-00550,C009,2025-06-26,2025-07-21,2025-09-04,2341.16,Paga
INV-00551,C023,2025-06-18,2025-07-03,2025-07-07,2014.09,Paga
INV-00552,C046,2025-06-10,2025-07-10,2025-07-12,6061.02,Paga
INV-00553,C044,2025-06-27,2025-07-22,2025-07-27,11322.47,Paga
INV-00554,C004,2025-06-09,2025-07-19,2025-07-15,7295.13,Paga
INV-00555,C016,2025-06-05,2025-08-04,2025-07-30,15158.5,Paga
INV-00556,C044,2025-06-13,2025-07-08,2025-07-06,3520.5,Paga
INV-00557,C027,2025-06-13,2025-08-12,2025-08-12,9475.28,Paga
INV-00558,C006,2025-06-13,2025-07-13,2025-07-11,4671.73,Paga
INV-00559,C024,2025-06-15,2025-07-05,,2852.42,Vencida
INV-00560,C050,2025-06-28,2025-07-18,2025-07-15,1989.17,Paga
INV-00561,C043,2025-06-23,2025-07-03,2025-07-07,1353.31,Paga
INV-00562,C014,2025-07-14,2025-08-13,2025-08-08,7590.06,Paga
INV-00563,C019,2025-07-11,2025-08-10,2025-08-15,6566.7,Paga
INV-00564,C051,2025-07-11,2025-08-15,2025-08-13,9755.56,Paga
INV-00565,C041,2025-07-26,2025-09-24,2025-10-03,16073.53,Paga
INV-00566,C011,2025-07-15,2025-09-13,2025-09-16,19481.46,Paga
INV-00567,C045,2025-07-30,2025-09-03,2025-08-30,6376.78,Paga
INV-00568,C018,2025-07-03,2025-09-01,2025-08-30,15000.82,Paga
INV-00569,C042,2025-07-06,2025-08-05,2025-08-23,8693.84,Paga
INV-00570,C049,2025-07-08,2025-09-01,2025-09-01,10804.71,Paga
INV-00571,C014,2025-07-16,2025-08-15,2025-09-04,7051.68,Paga
INV-00572,C029,2025-07-01,2025-07-16,,1682.45,Vencida
INV-00573,C022,2025-07-27,2025-09-20,2025-09-25,27080.5,Paga
INV-00574,C031,2025-07-03,2025-08-02,2025-08-02,6629.81,Paga
INV-00575,C007,2025-07-11,2025-09-19,2025-09-20,14422.73,Paga
INV-00576,C053,2025-07-25,2025-08-29,2025-08-24,8797.14,Paga
INV-00577,C005,2025-07-17,2025-08-16,2025-08-11,3620.38,Paga
INV-00578,C023,2025-07-24,2025-08-08,2025-08-14,2494.22,Paga
INV-00579,C040,2025-07-22,2025-09-30,2025-09-29,13876.38,Paga
INV-00580,C009,2025-07-25,2025-08-19,2025-08-23,3091.23,Paga
INV-00581,C028,2025-07-11,2025-07-26,2025-07-21,2348.31,Paga
INV-00582,C016,2025-07-18,2025-09-16,2025-09-11,9891.38,Paga
INV-00583,C045,2025-07-01,2025-08-05,2025-07-31,8424.04,Paga
INV-00584,C034,2025-07-20,2025-09-18,2025-09-16,7561.07,Paga
INV-00585,C004,2025-07-26,2025-09-04,2025-08-30,11034.25,Paga
INV-00586,C008,2025-07-08,2025-08-02,2025-07-31,3445.69,Paga
INV-00587,C001,2025-07-12,2025-08-11,2025-08-08,7607.61,Paga
INV-00588,C037,2025-07-14,2025-08-13,2025-08-17,4212.96,Paga
INV-00589,C050,2025-07-03,2025-07-23,2025-07-21,2486.36,Paga
INV-00590,C003,2025-07-30,2025-08-29,2025-08-30,10228.62,Paga
INV-00591,C041,2025-07-23,2025-09-21,2025-09-19,11471.92,Paga
INV-00592,C006,2025-07-21,2025-08-20,2025-08-16,3434.92,Paga
INV-00593,C020,2025-07-03,2025-08-02,2025-07-31,4970.48,Paga
INV-00594,C035,2025-07-11,2025-08-10,2025-08-12,4004.24,Paga
INV-00595,C044,2025-07-21,2025-08-15,2025-08-16,9724.08,Paga
INV-00596,C055,2025-07-08,2025-09-11,2025-09-10,20500.08,Paga
INV-00597,C030,2025-07-20,2025-07-30,2025-07-25,1686.52,Paga
INV-00598,C048,2025-07-06,2025-08-15,2025-08-18,9110.34,Paga
INV-00599,C011,2025-07-16,2025-09-14,2025-09-10,25333.98,Paga
INV-00600,C047,2025-07-09,2025-09-07,2025-09-07,19635.97,Paga
INV-00601,C018,2025-07-24,2025-09-22,2025-10-10,26182.48,Paga
INV-00602,C052,2025-07-14,2025-09-12,2025-09-12,17684.88,Paga
INV-00603,C037,2025-07-21,2025-08-20,2025-08-21,8719.04,Paga
INV-00604,C032,2025-08-28,2025-10-22,2025-10-18,12492.84,Paga
INV-00605,C007,2025-08-29,2025-11-07,2025-11-02,8977.25,Paga
INV-00606,C033,2025-08-01,2025-08-31,2025-09-01,10862.96,Paga
INV-00607,C031,2025-08-12,2025-09-11,2025-09-11,5537.76,Paga
INV-00608,C055,2025-08-02,2025-10-06,2025-10-01,4809.09,Paga
INV-00609,C027,2025-08-08,2025-10-07,2025-10-10,15149.98,Paga
INV-00610,C018,2025-08-27,2025-10-26,2025-10-26,23371.05,Paga
INV-00611,C004,2025-08-06,2025-09-15,2025-11-07,6959.44,Paga
INV-00612,C026,2025-08-03,2025-09-02,2025-08-28,9765.6,Paga
INV-00613,C020,2025-08-11,2025-09-10,2025-09-11,8651.99,Paga
INV-00614,C019,2025-08-19,2025-09-18,2025-09-13,7302.81,Paga
INV-00615,C024,2025-08-19,2025-09-08,2025-09-03,4850.48,Paga
INV-00616,C047,2025-08-29,2025-10-28,2025-10-23,7244.47,Paga
INV-00617,C027,2025-08-01,2025-09-30,2025-10-03,18619.53,Paga
INV-00618,C001,2025-08-11,2025-09-10,2025-09-08,9829.31,Paga
INV-00619,C047,2025-08-10,2025-10-09,2025-10-11,24146.72,Paga
INV-00620,C032,2025-08-02,2025-09-26,2025-09-24,21439.89,Paga
INV-00621,C003,2025-08-30,2025-09-29,2025-10-07,7010.68,Paga
INV-00622,C024,2025-08-15,2025-09-04,2025-10-08,2520.22,Paga
INV-00623,C009,2025-08-21,2025-09-15,2025-09-11,2329.24,Paga
INV-00624,C028,2025-08-22,2025-09-06,2025-09-03,2751.79,Paga
INV-00625,C021,2025-08-30,2025-09-29,2025-09-24,7609.24,Paga
INV-00626,C021,2025-08-15,2025-09-14,2025-09-14,6376.73,Paga
INV-00627,C050,2025-08-25,2025-09-14,2025-09-11,1814.37,Paga
INV-00628,C030,2025-08-11,2025-08-21,2025-08-22,1405.8,Paga
INV-00629,C014,2025-08-15,2025-09-14,2025-09-16,5860.49,Paga
INV-00630,C011,2025-08-26,2025-10-25,2025-10-20,13389.7,Paga
INV-00631,C003,2025-08-07,2025-09-06,2025-09-01,7542.29,Paga
INV-00632,C016,2025-08-12,2025-10-11,2025-10-10,16413.33,Paga
INV-00633,C053,2025-08-06,2025-09-10,2025-09-09,8771.95,Paga
INV-00634,C048,2025-08-18,2025-09-27,2025-10-01,6502.35,Paga
INV-00635,C009,2025-08-04,2025-08-29,2025-08-28,3646.35,Paga
INV-00636,C009,2025-08-07,2025-09-01,2025-08-27,2531.8,Paga
INV-00637,C042,2025-08-03,2025-09-02,2025-08-29,4969.57,Paga
INV-00638,C002,2025-08-03,2025-09-27,2025-10-02,20927.36,Paga
INV-00639,C006,2025-08-29,2025-09-28,2025-09-23,8875.09,Paga
INV-00640,C030,2025-08-02,2025-08-12,2025-08-16,2695.62,Paga
INV-00641,C026,2025-08-16,2025-09-15,2025-09-14,9890.48,Paga
INV-00642,C014,2025-08-30,2025-09-29,2025-10-01,7209.19,Paga
INV-00643,C003,2025-08-20,2025-09-19,2025-09-14,5248.33,Paga
INV-00644,C027,2025-09-29,2025-11-28,2025-11-25,15877.57,Paga
INV-00645,C009,2025-09-14,2025-10-09,2025-10-17,2699.72,Paga
INV-00646,C041,2025-09-26,2025-11-25,2025-11-23,16795.53,Paga
INV-00647,C046,2025-09-12,2025-10-12,2025-10-11,2564.8,Paga
INV-00648,C037,2025-09-17,2025-10-17,,5714.34,Vencida
INV-00649,C039,2025-09-08,2025-11-07,2025-12-17,22505.07,Paga
INV-00650,C052,2025-09-16,2025-11-15,2025-11-15,13250.91,Paga
INV-00651,C011,2025-09-04,2025-11-03,2025-11-01,300,Paga
INV-00652,C051,2025-09-30,2025-11-04,2025-11-03,9305.82,Paga
INV-00653,C037,2025-09-28,2025-10-28,2025-10-23,993.02,Paga
INV-00654,C055,2025-09-06,2025-11-10,2025-11-05,27506.84,Paga
INV-00655,C045,2025-09-12,2025-10-17,2025-10-23,4236.82,Paga
INV-00656,C037,2025-09-19,2025-10-19,2025-10-26,7122.87,Paga
INV-00657,C052,2025-09-29,2025-11-28,2025-11-23,14177.02,Paga
INV-00658,C003,2025-09-03,2025-10-03,2025-11-05,6130.2,Paga
INV-00659,C031,2025-09-01,2025-10-01,2025-09-26,6227.85,Paga
INV-00660,C022,2025-09-23,2025-11-17,2025-11-18,10496.19,Paga
INV-00661,C004,2025-09-01,2025-10-11,2025-10-08,2166.08,Paga
INV-00662,C008,2025-09-28,2025-10-23,2025-10-20,5293.17,Paga
INV-00663,C046,2025-09-22,2025-10-22,2025-10-23,7162.63,Paga
INV-00664,C009,2025-09-06,2025-10-01,2025-09-26,2587.03,Paga
INV-00665,C032,2025-09-21,2025-11-15,2025-11-11,21475.77,Paga
INV-00666,C040,2025-09-26,2025-12-05,2025-11-30,10196.3,Paga
INV-00667,C025,2025-09-10,2025-10-05,2025-10-02,2898.75,Paga
INV-00668,C001,2025-09-23,2025-10-23,2025-10-18,7867.83,Paga
INV-00669,C037,2025-09-02,2025-10-02,2025-09-27,11103.57,Paga
INV-00670,C040,2025-09-08,2025-11-17,2025-11-20,28423.35,Paga
INV-00671,C022,2025-09-24,2025-11-18,2025-11-13,22488.7,Paga
INV-00672,C041,2025-09-29,2025-11-28,2025-11-29,22536.39,Paga
INV-00673,C047,2025-09-29,2025-11-28,2025-11-29,9553.58,Paga
INV-00674,C045,2025-09-03,2025-10-08,2025-10-08,6611.65,Paga
INV-00675,C004,2025-09-13,2025-10-23,2025-10-18,2965.72,Paga
INV-00676,C027,2025-09-16,2025-11-15,2025-11-10,19838.01,Paga
INV-00677,C054,2025-09-16,2025-11-25,2025-11-20,22916.54,Paga
INV-00678,C015,2025-09-06,2025-10-16,2025-10-14,4694.3,Paga
INV-00679,C002,2025-09-11,2025-11-05,2025-11-07,16435.39,Paga
INV-00680,C025,2025-09-06,2025-10-01,2025-09-26,7772.46,Paga
INV-00681,C006,2025-09-11,2025-10-11,2025-10-06,5083.53,Paga
INV-00682,C002,2025-09-14,2025-11-08,2025-11-11,13262.59,Paga
INV-00683,C011,2025-09-02,2025-11-01,2025-10-31,29387.59,Paga
INV-00684,C045,2025-09-18,2025-10-23,2025-10-21,7919.61,Paga
INV-00685,C019,2025-09-10,2025-10-10,2025-10-14,4727.86,Paga
INV-00686,C054,2025-09-16,2025-11-25,2025-11-20,20517.6,Paga
INV-00687,C019,2025-09-27,2025-10-27,2025-10-22,8343.67,Paga
INV-00688,C002,2025-09-07,2025-11-01,2025-10-29,15523.84,Paga
INV-00689,C055,2025-09-04,2025-11-08,2025-11-03,20515.63,Paga
INV-00690,C043,2025-09-09,2025-09-19,2025-10-15,2735.95,Paga
INV-00691,C025,2025-09-12,2025-10-07,2025-10-10,6101.84,Paga
INV-00692,C017,2025-09-08,2025-09-18,2025-09-13,2429.33,Paga
INV-00693,C045,2025-09-22,2025-10-27,2025-10-22,5988.45,Paga
INV-00694,C027,2025-09-25,2025-11-24,2025-11-19,8032.55,Paga
INV-00695,C053,2025-09-17,2025-10-22,2025-10-17,5058.76,Paga
INV-00696,C031,2025-09-19,2025-10-19,2025-10-15,5488.93,Paga
INV-00697,C055,2025-09-23,2025-11-27,2025-12-16,18379.68,Paga
INV-00698,C037,2025-09-22,2025-10-22,2025-10-27,5312.7,Paga
INV-00699,C029,2025-09-06,2025-09-21,2025-09-21,3703.12,Paga
INV-00700,C013,2025-09-05,2025-10-30,2025-11-04,21771.93,Paga
INV-00701,C013,2025-09-27,2025-11-21,2025-11-21,22515.34,Paga
INV-00702,C047,2025-09-30,2025-11-29,2025-12-02,13798.05,Paga
INV-00703,C036,2025-10-11,2025-11-10,2025-11-05,8008.17,Paga
INV-00704,C001,2025-10-26,2025-11-25,2025-11-20,5873.46,Paga
INV-00705,C008,2025-10-14,2025-11-08,2025-11-03,4424.6,Paga
INV-00706,C007,2025-10-30,2026-01-08,2026-01-08,14615.83,Paga
INV-00707,C035,2025-10-29,2025-11-28,2025-11-23,2575.23,Paga
INV-00708,C032,2025-10-19,2025-12-13,2025-12-15,21288.39,Paga
INV-00709,C010,2025-10-20,2025-10-30,2025-10-28,2344.16,Paga
INV-00710,C022,2025-10-23,2025-12-17,2025-12-15,16337.9,Paga
INV-00711,C024,2025-10-01,2025-10-21,2025-10-20,466.42,Paga
INV-00712,C054,2025-10-16,2025-12-25,2025-12-20,12765.93,Paga
INV-00713,C015,2025-10-05,2025-11-14,2025-11-12,904.95,Paga
INV-00714,C021,2025-10-09,2025-11-08,2025-11-04,2579.28,Paga
INV-00715,C029,2025-10-07,2025-10-22,2025-10-17,1995.92,Paga
INV-00716,C034,2025-10-28,2025-12-27,2026-01-02,21994.1,Paga
INV-00717,C005,2025-10-10,2025-11-09,2025-11-04,7893.26,Paga
INV-00718,C034,2025-10-29,2025-12-28,2025-12-31,24258.76,Paga
INV-00719,C013,2025-10-27,2025-12-21,2025-12-21,29404.81,Paga
INV-00720,C024,2025-10-23,2025-11-12,2025-11-07,2251.17,Paga
INV-00721,C026,2025-10-21,2025-11-20,2025-11-16,8370.63,Paga
INV-00722,C032,2025-10-20,2025-12-14,2025-12-17,13742.58,Paga
INV-00723,C036,2025-10-12,2025-11-11,2025-11-11,5866.3,Paga
INV-00724,C054,2025-10-23,2026-01-01,2026-01-01,13846.5,Paga
INV-00725,C055,2025-10-19,2025-12-23,2025-12-22,18345.06,Paga
INV-00726,C015,2025-10-22,2025-12-01,2025-11-26,8069.02,Paga
INV-00727,C050,2025-10-25,2025-11-14,2025-11-09,1447.05,Paga
INV-00728,C012,2025-10-20,2025-11-04,2025-11-03,2266.47,Paga
INV-00729,C020,2025-10-23,2025-11-22,2025-11-17,9572.75,Paga
INV-00730,C025,2025-10-28,2025-11-22,2025-11-20,4633.39,Paga
INV-00731,C044,2025-10-17,2025-11-11,2025-11-07,9050.78,Paga
INV-00732,C033,2025-10-22,2025-11-21,2025-11-22,7136.49,Paga
INV-00733,C039,2025-10-20,2025-12-19,2025-12-15,11153.31,Paga
INV-00734,C022,2025-10-09,2025-12-03,2025-12-04,11381.5,Paga
INV-00735,C046,2025-10-29,2025-11-28,2025-11-28,5146.83,Paga
INV-00736,C016,2025-10-29,2025-12-28,2026-01-01,25040.52,Paga
INV-00737,C026,2025-10-22,2025-11-21,2025-11-20,3261.06,Paga
INV-00738,C032,2025-10-10,2025-12-04,2025-11-29,19101.94,Paga
INV-00739,C003,2025-10-19,2025-11-18,2025-11-13,7604.37,Paga
INV-00740,C047,2025-10-23,2025-12-22,2025-12-17,16211.72,Paga
INV-00741,C043,2025-10-12,2025-10-22,2025-10-25,1908.56,Paga
INV-00742,C036,2025-10-06,2025-11-05,2025-10-31,2900.27,Paga
INV-00743,C047,2025-10-26,2025-12-25,2026-01-02,19890.28,Paga
INV-00744,C022,2025-10-21,2025-12-15,2025-12-10,10033.57,Paga
INV-00745,C020,2025-10-14,2025-11-13,2025-11-09,9464.28,Paga
INV-00746,C019,2025-10-15,2025-11-14,2025-11-09,8041.92,Paga
INV-00747,C038,2025-10-19,2025-12-28,2026-01-04,20326.71,Paga
INV-00748,C033,2025-10-04,2025-11-03,2025-10-29,8565.75,Paga
INV-00749,C004,2025-10-28,2025-12-07,2025-12-07,7796.29,Paga
INV-00750,C027,2025-10-19,2025-12-18,2025-12-19,21200.66,Paga
INV-00751,C046,2025-10-06,2025-11-05,2025-10-31,6394.01,Paga
INV-00752,C012,2025-10-11,2025-10-26,2025-10-28,2284.76,Paga
INV-00753,C049,2025-10-25,2025-12-19,2025-12-18,18149.14,Paga
INV-00754,C049,2025-10-25,2025-12-19,2025-12-14,10723.78,Paga
INV-00755,C026,2025-10-14,2025-11-13,2025-11-10,4376.3,Paga
INV-00756,C013,2025-10-24,2025-12-18,2025-12-20,19169.22,Paga
INV-00757,C054,2025-10-17,2025-12-26,2025-12-21,18490.81,Paga
INV-00758,C016,2025-10-08,2025-12-07,2025-12-04,10076.32,Paga
INV-00759,C025,2025-10-17,2025-11-11,2025-11-14,7491.37,Paga
INV-00760,C020,2025-10-10,2025-11-09,2025-11-04,10176.25,Paga
INV-00761,C028,2025-10-29,2025-11-13,2025-11-22,2080.7,Paga
INV-00762,C032,2025-10-12,2025-12-06,2025-12-10,33648.01,Paga
INV-00763,C052,2025-10-13,2025-12-12,2026-01-23,29810.89,Paga
INV-00764,C014,2025-10-24,2025-11-23,,13001.51,Vencida
INV-00765,C033,2025-10-06,2025-11-05,2025-11-09,9064.19,Paga
INV-00766,C025,2025-11-29,2025-12-24,2025-12-19,4015.28,Paga
INV-00767,C039,2025-11-02,2026-01-01,2026-01-17,13180.98,Paga
INV-00768,C045,2025-11-04,2025-12-09,2025-12-09,4571.97,Paga
INV-00769,C031,2025-11-23,2025-12-23,2025-12-27,8505.14,Paga
INV-00770,C020,2025-11-14,2025-12-14,2025-12-09,4733.06,Paga
INV-00771,C039,2025-11-23,2026-01-22,2026-01-27,25729.83,Paga
INV-00772,C047,2025-11-20,2026-01-19,2026-01-19,20289.68,Paga
INV-00773,C013,2025-11-20,2026-01-14,2026-01-16,19528.27,Paga
INV-00774,C013,2025-11-12,2026-01-06,2026-01-29,16479.68,Paga
INV-00775,C032,2025-11-30,2026-01-24,2026-02-02,21849.36,Paga
INV-00776,C001,2025-11-01,2025-12-01,2025-11-26,4156.61,Paga
INV-00777,C043,2025-11-16,2025-11-26,2025-11-26,2398.11,Paga
INV-00778,C047,2025-11-24,2026-01-23,2026-01-23,21895.49,Paga
INV-00779,C019,2025-11-09,2025-12-09,2025-12-08,5482.9,Paga
INV-00780,C003,2025-11-28,2025-12-28,2026-01-04,5468.3,Paga
INV-00781,C048,2025-11-04,2025-12-14,2026-02-01,9670.58,Paga
INV-00782,C055,2025-11-05,2026-01-09,2026-01-04,16004.88,Paga
INV-00783,C029,2025-11-20,2025-12-05,2025-12-11,2056.35,Paga
INV-00784,C022,2025-11-06,2025-12-31,2026-01-01,22809.32,Paga
INV-00785,C054,2025-11-13,2026-01-22,2026-01-17,15350.49,Paga
INV-00786,C052,2025-11-06,2026-01-05,2026-01-08,25372.38,Paga
INV-00787,C055,2025-11-06,2026-01-10,2026-01-15,29023.68,Paga
INV-00788,C037,2025-11-22,2025-12-22,2025-12-23,3605.5,Paga
INV-00789,C040,2025-11-01,2026-01-10,2026-01-05,26429.36,Paga
INV-00790,C009,2025-11-16,2025-12-11,2025-12-08,2530.79,Paga
INV-00791,C003,2025-11-03,2025-12-03,2025-12-05,6355.94,Paga
INV-00792,C044,2025-11-17,2025-12-12,2025-12-07,6827.86,Paga
INV-00793,C043,2025-11-28,2025-12-08,2025-12-11,1706.39,Paga
INV-00794,C007,2025-11-14,2026-01-23,2026-01-18,15491.32,Paga
INV-00795,C044,2025-11-21,2025-12-16,2025-12-20,3240.57,Paga
INV-00796,C040,2025-11-02,2026-01-11,2026-01-10,32664.77,Paga
INV-00797,C031,2025-11-28,2025-12-28,2025-12-26,5132.41,Paga
INV-00798,C021,2025-11-08,2025-12-08,2025-12-10,5606.06,Paga
INV-00799,C036,2025-11-21,2025-12-21,2026-02-13,3467.79,Paga
INV-00800,C029,2025-11-26,2025-12-11,2025-12-08,1903.66,Paga
INV-00801,C021,2025-11-04,2025-12-04,,10234.55,Vencida
INV-00802,C026,2025-11-14,2025-12-14,2025-12-29,6044.2,Paga
INV-00803,C051,2025-11-20,2025-12-25,2025-12-20,5208.4,Paga
INV-00804,C036,2025-11-07,2025-12-07,2025-12-02,2863.71,Paga
INV-00805,C053,2025-11-02,2025-12-07,2025-12-08,7064.35,Paga
INV-00806,C050,2025-11-20,2025-12-10,2025-12-07,1626.29,Paga
INV-00807,C029,2025-11-04,2025-11-19,2025-12-23,1484.34,Paga
INV-00808,C023,2025-11-27,2025-12-12,2025-12-12,2157.07,Paga
INV-00809,C024,2025-11-23,2025-12-13,2026-01-31,1277.36,Paga
INV-00810,C053,2025-11-23,2025-12-28,2025-12-23,4900.98,Paga
INV-00811,C013,2025-11-07,2026-01-01,2026-01-01,20606.14,Paga
INV-00812,C053,2025-11-26,2025-12-31,2025-12-26,5230.35,Paga
INV-00813,C003,2025-11-30,2025-12-30,2025-12-27,9758.07,Paga
INV-00814,C029,2025-11-15,2025-11-30,2025-12-01,1851.43,Paga
INV-00815,C032,2025-11-01,2025-12-26,2026-01-04,17079.13,Paga
INV-00816,C054,2025-11-19,2026-01-28,2026-01-23,22429.78,Paga
INV-00817,C012,2025-11-23,2025-12-08,2025-12-06,2109.17,Paga
INV-00818,C025,2025-11-22,2025-12-17,2025-12-19,5316.34,Paga
INV-00819,C025,2025-11-14,2025-12-09,2025-12-14,4689.02,Paga
INV-00820,C018,2025-11-13,2026-01-12,2026-01-15,12615.83,Paga
INV-00821,C009,2025-11-05,2025-11-30,2025-11-25,2044.11,Paga
INV-00822,C020,2025-11-27,2025-12-27,2025-12-30,2905.34,Paga
INV-00823,C036,2025-11-21,2025-12-21,2025-12-21,3744.85,Paga
INV-00824,C044,2025-11-12,2025-12-07,2025-12-10,9986.79,Paga
INV-00825,C012,2025-11-17,2025-12-02,2025-11-27,3097.48,Paga
INV-00826,C049,2025-11-12,2026-01-06,2026-01-01,10483.84,Paga
INV-00827,C046,2025-12-14,2026-01-13,2026-01-16,3795.59,Paga
INV-00828,C055,2025-12-14,2026-02-17,2026-02-14,13185.23,Paga
INV-00829,C010,2025-12-02,2025-12-12,2025-12-13,2175.2,Paga
INV-00830,C011,2025-12-10,2026-02-08,2026-02-07,27977.44,Paga
INV-00831,C051,2025-12-10,2026-01-14,2026-01-09,7147.79,Paga
INV-00832,C029,2025-12-04,2025-12-19,2025-12-14,2014.33,Paga
INV-00833,C015,2025-12-24,2026-02-02,2026-01-28,3891.42,Paga
INV-00834,C051,2025-12-26,2026-01-30,2026-01-27,8249.02,Paga
INV-00835,C025,2025-12-13,2026-01-07,2026-01-07,5839.12,Paga
INV-00836,C036,2025-12-02,2026-01-01,,3140.01,Vencida
INV-00837,C017,2025-12-07,2025-12-17,2025-12-12,1225.11,Paga
INV-00838,C054,2025-12-08,2026-02-16,2026-02-11,26356.21,Paga
INV-00839,C049,2025-12-19,2026-02-12,2026-02-08,9796.91,Paga
INV-00840,C013,2025-12-10,2026-02-03,2026-02-06,881.22,Paga
INV-00841,C012,2025-12-24,2026-01-08,2026-01-06,1453.5,Paga
INV-00842,C036,2025-12-09,2026-01-08,2026-01-11,8561.65,Paga
INV-00843,C022,2025-12-15,2026-02-08,2026-02-03,17084.41,Paga
INV-00844,C021,2025-12-20,2026-01-19,2026-01-21,11513.33,Paga
INV-00845,C043,2025-12-10,2025-12-20,2025-12-18,1197.68,Paga
INV-00846,C051,2025-12-23,2026-01-27,2026-01-28,5836.82,Paga
INV-00847,C005,2025-12-26,2026-01-25,2026-01-23,4141.94,Paga
INV-00848,C006,2025-12-12,2026-01-11,2026-01-12,6783.67,Paga
INV-00849,C024,2025-12-10,2025-12-30,2026-01-05,2453.51,Paga
INV-00850,C036,2025-12-27,2026-01-26,2026-01-21,6544.15,Paga
INV-00851,C023,2025-12-15,2025-12-30,2026-01-04,2266.92,Paga
INV-00852,C016,2025-12-02,2026-01-31,2026-01-26,15720.66,Paga
INV-00853,C008,2025-12-13,2026-01-07,,6348.88,Vencida
INV-00854,C034,2025-12-27,2026-02-25,2026-02-20,28099.9,Paga
INV-00855,C032,2025-12-02,2026-01-26,2026-01-21,17325.59,Paga
INV-00856,C006,2025-12-04,2026-01-03,2026-01-07,4871.39,Paga
INV-00857,C001,2025-12-21,2026-01-20,2026-02-12,5733.06,Paga
INV-00858,C044,2025-12-14,2026-01-08,2026-01-09,3059.89,Paga
INV-00859,C048,2025-12-25,2026-02-03,2026-02-02,10608.5,Paga
INV-00860,C044,2025-12-05,2025-12-30,,5696.06,Vencida
INV-00861,C046,2025-12-11,2026-01-10,2026-01-08,7362.34,Paga
INV-00862,C017,2025-12-18,2025-12-28,2025-12-30,3491.96,Paga
INV-00863,C027,2025-12-13,2026-02-11,2026-02-11,11886.01,Paga
INV-00864,C025,2025-12-22,2026-01-16,2026-01-14,6682.19,Paga
INV-00865,C005,2025-12-25,2026-01-24,2026-01-20,6482.34,Paga
INV-00866,C023,2025-12-30,2026-01-14,2026-01-12,1563.04,Paga
INV-00867,C039,2025-12-03,2026-02-01,2026-02-10,15166.52,Paga
INV-00868,C053,2025-12-22,2026-01-26,2026-01-25,7801.7,Paga
INV-00869,C048,2025-12-13,2026-01-22,2026-01-17,7782.39,Paga
INV-00870,C041,2025-12-05,2026-02-03,2026-02-11,14087.87,Paga
INV-00871,C047,2025-12-21,2026-02-19,2026-02-26,7243.83,Paga
INV-00872,C036,2025-12-05,2026-01-04,2026-01-02,6663.33,Paga
INV-00873,C035,2025-12-18,2026-01-17,2026-01-14,8332.86,Paga
INV-00874,C047,2025-12-12,2026-02-10,2026-02-19,21259.32,Paga
INV-00875,C010,2025-12-06,2025-12-16,2025-12-20,2629.79,Paga
INV-00876,C008,2025-12-06,2025-12-31,2026-01-18,5097.27,Paga
INV-00877,C049,2025-12-30,2026-02-23,2026-02-21,25933.34,Paga
INV-00878,C005,2025-12-10,2026-01-09,2026-01-04,5683.42,Paga
INV-00879,C038,2025-12-16,2026-02-24,2026-02-21,23649.76,Paga
INV-00880,C016,2026-01-04,2026-03-05,2026-03-05,17475.15,Paga
INV-00881,C032,2026-01-15,2026-03-11,2026-03-15,13629.82,Paga
INV-00882,C010,2026-01-19,2026-01-29,2026-01-24,923.36,Paga
INV-00883,C011,2026-01-01,2026-03-02,2026-03-08,13722.78,Paga
INV-00884,C042,2026-01-14,2026-02-13,2026-02-16,6141.71,Paga
INV-00885,C022,2026-01-29,2026-03-25,2026-03-24,11213.93,Paga
INV-00886,C032,2026-01-18,2026-03-14,2026-03-17,25033.65,Paga
INV-00887,C018,2026-01-28,2026-03-29,2026-03-24,24132.54,Paga
INV-00888,C047,2026-01-29,2026-03-30,2026-03-25,10890.76,Paga
INV-00889,C055,2026-01-17,2026-03-23,2026-03-18,10193.49,Paga
INV-00890,C050,2026-01-19,2026-02-08,2026-02-07,2248.79,Paga
INV-00891,C035,2026-01-16,2026-02-15,2026-02-11,5767.27,Paga
INV-00892,C050,2026-01-19,2026-02-08,2026-02-03,2132.82,Paga
INV-00893,C033,2026-01-03,2026-02-02,2026-02-04,4358.52,Paga
INV-00894,C055,2026-01-26,2026-04-01,2026-03-29,27502.8,Paga
INV-00895,C009,2026-01-15,2026-02-09,2026-02-12,2737.45,Paga
INV-00896,C010,2026-01-24,2026-02-03,,1994.42,Vencida
INV-00897,C049,2026-01-16,2026-03-12,2026-03-10,3187.32,Paga
INV-00898,C043,2026-01-07,2026-01-17,2026-01-16,2759.97,Paga
INV-00899,C030,2026-01-29,2026-02-08,,1462.57,Vencida
INV-00900,C042,2026-01-11,2026-02-10,2026-02-16,11266.55,Paga
INV-00901,C018,2026-01-27,2026-03-28,2026-03-23,17579.15,Paga
INV-00902,C025,2026-01-21,2026-02-15,2026-02-18,4311.84,Paga
INV-00903,C005,2026-01-17,2026-02-16,2026-02-27,6439.15,Paga
INV-00904,C026,2026-01-12,2026-02-11,2026-02-06,7358.11,Paga
INV-00905,C039,2026-01-01,2026-03-02,2026-02-28,14553.91,Paga
INV-00906,C005,2026-01-17,2026-02-16,2026-02-11,5526.89,Paga
INV-00907,C024,2026-01-20,2026-02-09,2026-02-05,2121.17,Paga
INV-00908,C052,2026-01-11,2026-03-12,2026-03-07,16658.34,Paga
INV-00909,C014,2026-01-19,2026-02-18,,8779.18,Vencida
INV-00910,C003,2026-01-05,2026-02-04,2026-02-06,10154.35,Paga
INV-00911,C003,2026-01-29,2026-02-28,2026-03-02,9219.1,Paga
INV-00912,C012,2026-01-17,2026-02-01,2026-01-27,2404.82,Paga
INV-00913,C002,2026-01-29,2026-03-25,2026-03-21,13257.77,Paga
INV-00914,C006,2026-01-07,2026-02-06,2026-02-14,4920.86,Paga
INV-00915,C011,2026-01-08,2026-03-09,2026-03-04,17425.47,Paga
INV-00916,C053,2026-01-25,2026-03-01,2026-02-25,4103.54,Paga
INV-00917,C047,2026-01-22,2026-03-23,2026-03-18,13836.19,Paga
INV-00918,C015,2026-01-13,2026-02-22,2026-02-23,7376.28,Paga
INV-00919,C033,2026-01-22,2026-02-21,2026-02-20,7464.49,Paga
INV-00920,C031,2026-01-29,2026-02-28,2026-03-06,7326.59,Paga
INV-00921,C033,2026-01-25,2026-02-24,2026-02-19,7466.93,Paga
INV-00922,C039,2026-01-18,2026-03-19,2026-03-24,18370.73,Paga
INV-00923,C042,2026-01-14,2026-02-13,2026-02-10,4130.67,Paga
INV-00924,C034,2026-01-14,2026-03-15,2026-03-16,19365.64,Paga
INV-00925,C025,2026-01-12,2026-02-06,2026-02-04,2698.36,Paga
INV-00926,C045,2026-01-19,2026-02-23,2026-02-25,2653.48,Paga
INV-00927,C015,2026-01-30,2026-03-11,2026-03-07,8431.31,Paga
INV-00928,C027,2026-02-09,2026-04-10,2026-04-06,30611.1,Paga
INV-00929,C037,2026-02-17,2026-03-19,2026-03-24,2615.81,Paga
INV-00930,C045,2026-02-26,2026-04-02,2026-03-29,6649.88,Paga
INV-00931,C042,2026-02-19,2026-03-21,2026-03-22,7504.46,Paga
INV-00932,C024,2026-02-20,2026-03-12,2026-03-07,1561.3,Paga
INV-00933,C027,2026-02-18,2026-04-19,2026-04-14,8422.62,Paga
INV-00934,C036,2026-02-16,2026-03-18,2026-03-14,6740.51,Paga
INV-00935,C046,2026-02-13,2026-03-15,2026-03-17,8459.33,Paga
INV-00936,C048,2026-02-08,2026-03-20,2026-03-17,3862.1,Paga
INV-00937,C014,2026-02-17,2026-03-19,2026-03-14,5216.34,Paga
INV-00938,C045,2026-02-22,2026-03-29,2026-04-03,8944.39,Paga
INV-00939,C001,2026-02-26,2026-03-28,2026-04-02,11479.27,Paga
INV-00940,C028,2026-02-03,2026-02-18,2026-03-26,3590.11,Paga
INV-00941,C003,2026-02-24,2026-03-26,2026-03-31,7414.69,Paga
INV-00942,C034,2026-02-10,2026-04-11,2026-04-06,17151.98,Paga
INV-00943,C053,2026-02-06,2026-03-13,2026-03-08,3343.03,Paga
INV-00944,C043,2026-02-26,2026-03-08,2026-03-09,2393.37,Paga
INV-00945,C033,2026-02-17,2026-03-19,2026-03-14,10245.0,Paga
INV-00946,C024,2026-02-08,2026-02-28,2026-02-28,1436.53,Paga
INV-00947,C018,2026-02-25,2026-04-26,2026-04-22,17590.68,Paga
INV-00948,C013,2026-02-17,2026-04-13,2026-05-08,12376.78,Paga
INV-00949,C036,2026-02-10,2026-03-12,2026-03-07,1612.32,Paga
INV-00950,C023,2026-02-27,2026-03-14,2026-03-09,1830.41,Paga
INV-00951,C026,2026-02-19,2026-03-21,,5572.75,Vencida
INV-00952,C012,2026-02-14,2026-03-01,2026-02-27,1215.95,Paga
INV-00953,C022,2026-02-04,2026-03-31,2026-03-26,23155.26,Paga
INV-00954,C053,2026-02-26,2026-04-02,2026-03-28,3378.62,Paga
INV-00955,C037,2026-02-16,2026-03-18,2026-03-13,6979.16,Paga
INV-00956,C030,2026-02-22,2026-03-04,,1207.25,Vencida
INV-00957,C008,2026-02-09,2026-03-06,2026-03-21,7238.96,Paga
INV-00958,C044,2026-02-23,2026-03-20,2026-03-15,1064.24,Paga
INV-00959,C034,2026-02-18,2026-04-19,,32393.52,Vencida
INV-00960,C054,2026-02-09,2026-04-20,2026-04-20,18030.48,Paga
INV-00961,C053,2026-02-11,2026-03-18,2026-03-21,11176.86,Paga
INV-00962,C023,2026-02-07,2026-02-22,2026-02-18,2680.12,Paga
INV-00963,C044,2026-02-07,2026-03-04,2026-03-02,4981.64,Paga
INV-00964,C017,2026-02-07,2026-02-17,2026-02-24,2390.4,Paga
INV-00965,C023,2026-02-05,2026-02-20,2026-03-20,2270.36,Paga
INV-00966,C043,2026-02-16,2026-02-26,2026-02-21,1211.77,Paga
INV-00967,C003,2026-02-28,2026-03-30,2026-03-29,3351.95,Paga
INV-00968,C037,2026-02-28,2026-03-30,2026-03-31,6276.21,Paga
INV-00969,C033,2026-02-09,2026-03-11,2026-03-14,3464.54,Paga
INV-00970,C034,2026-02-26,2026-04-27,2026-06-17,4776.79,Paga
INV-00971,C023,2026-02-13,2026-02-28,2026-02-23,3051.47,Paga
INV-00972,C008,2026-02-23,2026-03-20,,4531.51,Vencida
INV-00973,C044,2026-02-07,2026-03-04,2026-03-06,6273.84,Paga
INV-00974,C017,2026-02-06,2026-02-16,2026-02-14,2631.56,Paga
INV-00975,C040,2026-02-11,2026-04-22,2026-04-17,25090.04,Paga
INV-00976,C045,2026-02-25,2026-04-01,2026-04-01,6512.09,Paga
INV-00977,C012,2026-02-19,2026-03-06,2026-03-31,1705.61,Paga
INV-00978,C007,2026-02-24,2026-05-05,2026-05-03,15916.84,Paga
INV-00979,C025,2026-03-07,2026-04-01,2026-04-02,8910.92,Paga
INV-00980,C052,2026-03-01,2026-04-30,2026-04-25,17089.65,Paga
INV-00981,C055,2026-03-21,2026-05-25,2026-05-21,18052.4,Paga
INV-00982,C020,2026-03-09,2026-04-08,2026-04-03,2577.2,Paga
INV-00983,C045,2026-03-06,2026-04-10,2026-05-22,5551.8,Paga
INV-00984,C041,2026-03-04,2026-05-03,2026-04-29,11400.45,Paga
INV-00985,C036,2026-03-18,2026-04-17,2026-04-15,8355.5,Paga
INV-00986,C008,2026-03-12,2026-04-06,2026-04-07,6954.86,Paga
INV-00987,C037,2026-03-21,2026-04-20,2026-04-22,6151.96,Paga
INV-00988,C023,2026-03-11,2026-03-26,2026-03-21,3392.69,Paga
INV-00989,C006,2026-03-13,2026-04-12,2026-04-07,6791.68,Paga
INV-00990,C011,2026-03-21,2026-05-20,2026-05-15,21563.09,Paga
INV-00991,C037,2026-03-13,2026-04-12,2026-04-13,9241.25,Paga
INV-00992,C015,2026-03-11,2026-04-20,2026-04-17,7086.21,Paga
INV-00993,C042,2026-03-13,2026-04-12,2026-04-07,8234.7,Paga
INV-00994,C024,2026-03-24,2026-04-13,2026-04-16,2720.8,Paga
INV-00995,C012,2026-03-28,2026-04-12,,2028.91,Vencida
INV-00996,C047,2026-03-08,2026-05-07,2026-05-02,10143.3,Paga
INV-00997,C006,2026-03-07,2026-04-06,2026-05-17,7028.99,Paga
INV-00998,C031,2026-03-18,2026-04-17,2026-04-18,10184.53,Paga
INV-00999,C006,2026-03-04,2026-04-03,2026-04-04,6396.7,Paga
INV-01000,C025,2026-03-10,2026-04-04,2026-04-10,6981.35,Paga
INV-01001,C009,2026-03-05,2026-03-30,,1735.66,Vencida
INV-01002,C023,2026-03-28,2026-04-12,2026-04-14,2121.24,Paga
INV-01003,C035,2026-03-30,2026-04-29,2026-04-24,4577.04,Paga
INV-01004,C045,2026-03-18,2026-04-22,2026-04-17,8541.9,Paga
INV-01005,C041,2026-03-29,2026-05-28,2026-05-23,12880.58,Paga
INV-01006,C020,2026-03-30,2026-04-29,2026-04-24,6022.69,Paga
INV-01007,C029,2026-03-10,2026-03-25,2026-03-23,1856.72,Paga
INV-01008,C001,2026-03-17,2026-04-16,2026-04-17,8431.53,Paga
INV-01009,C031,2026-03-18,2026-04-17,,4794.6,Vencida
INV-01010,C032,2026-03-25,2026-05-19,2026-05-17,17155.45,Paga
INV-01011,C019,2026-03-20,2026-04-19,2026-04-18,6532.25,Paga
INV-01012,C027,2026-03-29,2026-05-28,2026-05-24,12138.15,Paga
INV-01013,C048,2026-03-21,2026-04-30,2026-05-01,4793.23,Paga
INV-01014,C028,2026-03-21,2026-04-05,2026-04-11,2285.83,Paga
INV-01015,C052,2026-03-23,2026-05-22,2026-05-17,15941.24,Paga
INV-01016,C052,2026-03-09,2026-05-08,2026-05-11,7455.79,Paga
INV-01017,C019,2026-03-04,2026-04-03,2026-03-29,4441.85,Paga
INV-01018,C040,2026-03-16,2026-05-25,2026-05-24,18475.07,Paga
INV-01019,C035,2026-03-01,2026-03-31,2026-03-31,6913.98,Paga
INV-01020,C046,2026-03-15,2026-04-14,2026-04-09,6262.58,Paga
INV-01021,C032,2026-03-07,2026-05-01,2026-05-03,15027.95,Paga
INV-01022,C024,2026-03-15,2026-04-04,2026-05-05,2136.0,Paga
INV-01023,C049,2026-03-05,2026-04-29,2026-04-30,28223.9,Paga
INV-01024,C031,2026-03-06,2026-04-05,2026-04-12,8051.47,Paga
INV-01025,C054,2026-03-01,2026-05-10,2026-05-14,25760.62,Paga
INV-01026,C050,2026-03-15,2026-04-04,2026-04-18,2244.31,Paga
INV-01027,C048,2026-03-25,2026-05-04,2026-05-06,9298.92,Paga
INV-01028,C025,2026-03-22,2026-04-16,2026-04-11,11679.81,Paga
INV-01029,C047,2026-03-02,2026-05-01,2026-04-26,17736.31,Paga
INV-01030,C031,2026-03-21,2026-04-20,2026-06-08,5850.6,Paga
INV-01031,C043,2026-03-07,2026-03-17,2026-03-14,2756.99,Paga
INV-01032,C001,2026-03-06,2026-04-05,2026-03-31,7330.33,Paga
INV-01033,C016,2026-03-01,2026-04-30,2026-04-27,26151.77,Paga
INV-01034,C045,2026-03-20,2026-04-24,2026-04-29,8695.09,Paga
INV-01035,C032,2026-03-03,2026-04-27,2026-04-22,15756.92,Paga
INV-01036,C049,2026-03-21,2026-05-15,2026-05-15,23489.87,Paga
INV-01037,C035,2026-03-26,2026-04-25,2026-04-27,8555.04,Paga
INV-01038,C036,2026-03-26,2026-04-25,2026-04-20,5208.25,Paga
INV-01039,C047,2026-03-07,2026-05-06,2026-05-05,24081.74,Paga
INV-01040,C017,2026-04-29,2026-05-09,2026-05-09,3368.96,Paga
INV-01041,C035,2026-04-23,2026-05-23,2026-05-21,3563.41,Paga
INV-01042,C021,2026-04-24,2026-05-24,2026-05-24,2014.52,Paga
INV-01043,C036,2026-04-06,2026-05-06,2026-05-05,7698.74,Paga
INV-01044,C017,2026-04-18,2026-04-28,2026-04-26,2180.39,Paga
INV-01045,C025,2026-04-24,2026-05-19,2026-05-18,6674.29,Paga
INV-01046,C050,2026-04-20,2026-05-10,2026-05-16,2286.61,Paga
INV-01047,C035,2026-04-27,2026-05-27,2026-05-29,4392.03,Paga
INV-01048,C036,2026-04-05,2026-05-05,2026-04-30,4977.59,Paga
INV-01049,C008,2026-04-04,2026-04-29,2026-04-27,5663.8,Paga
INV-01050,C009,2026-04-06,2026-05-01,2026-04-27,2562.37,Paga
INV-01051,C007,2026-04-02,2026-06-11,2026-06-06,7187.75,Paga
INV-01052,C034,2026-04-20,2026-06-19,2026-06-14,16541.12,Paga
INV-01053,C039,2026-04-23,2026-06-22,2026-06-25,31119.51,Paga
INV-01054,C032,2026-04-30,2026-06-24,2026-06-21,19979.35,Paga
INV-01055,C004,2026-04-12,2026-05-22,2026-05-17,1484.04,Paga
INV-01056,C024,2026-04-26,2026-05-16,2026-05-11,1829.61,Paga
INV-01057,C003,2026-04-24,2026-05-24,2026-05-24,8250.16,Paga
INV-01058,C034,2026-04-04,2026-06-03,2026-06-03,21673.54,Paga
INV-01059,C013,2026-04-17,2026-06-11,2026-06-06,13479.31,Paga
INV-01060,C036,2026-04-24,2026-05-24,2026-05-19,2981.62,Paga
INV-01061,C037,2026-04-12,2026-05-12,2026-05-07,4881.57,Paga
INV-01062,C007,2026-04-06,2026-06-15,2026-06-10,20098.87,Paga
INV-01063,C043,2026-04-06,2026-04-16,2026-04-13,1181.3,Paga
INV-01064,C021,2026-04-18,2026-05-18,2026-05-16,8512.83,Paga
INV-01065,C049,2026-04-21,2026-06-15,2026-06-16,8813.21,Paga
INV-01066,C037,2026-04-18,2026-05-18,2026-05-24,7370.93,Paga
INV-01067,C017,2026-04-12,2026-04-22,2026-04-19,3014.54,Paga
INV-01068,C047,2026-04-02,2026-06-01,2026-05-29,26430.74,Paga
INV-01069,C020,2026-04-01,2026-05-01,2026-05-02,5998.8,Paga
INV-01070,C002,2026-04-25,2026-06-19,2026-06-14,22209.78,Paga
INV-01071,C036,2026-04-17,2026-05-17,2026-05-12,1631.21,Paga
INV-01072,C003,2026-04-15,2026-05-15,2026-05-15,5734.86,Paga
INV-01073,C038,2026-04-08,2026-06-17,2026-06-24,19226.58,Paga
INV-01074,C026,2026-04-19,2026-05-19,2026-05-14,9721.63,Paga
INV-01075,C051,2026-04-16,2026-05-21,2026-05-27,8480.36,Paga
INV-01076,C037,2026-04-27,2026-05-27,2026-05-22,9059.0,Paga
INV-01077,C047,2026-04-26,2026-06-25,2026-06-22,15739.94,Paga
INV-01078,C050,2026-04-11,2026-05-01,2026-05-07,1380.7,Paga
INV-01079,C008,2026-04-28,2026-05-23,2026-05-18,6982.37,Paga
INV-01080,C001,2026-04-21,2026-05-21,2026-05-16,6882.93,Paga
INV-01081,C003,2026-04-11,2026-05-11,2026-05-08,5245.49,Paga
INV-01082,C015,2026-04-05,2026-05-15,2026-05-16,10005.38,Paga
INV-01083,C029,2026-04-25,2026-05-10,2026-05-05,1445.47,Paga
INV-01084,C019,2026-04-26,2026-05-26,2026-07-05,5545.94,Paga
INV-01085,C037,2026-04-24,2026-05-24,2026-07-03,8687.12,Paga
INV-01086,C033,2026-04-14,2026-05-14,2026-05-09,6679.34,Paga
INV-01087,C036,2026-04-07,2026-05-07,2026-05-06,3203.0,Paga
INV-01088,C040,2026-04-24,2026-07-03,2026-06-30,13361.07,Paga
INV-01089,C028,2026-04-11,2026-04-26,2026-05-13,1797.87,Paga
INV-01090,C027,2026-04-14,2026-06-13,2026-06-13,15286.28,Paga
INV-01091,C042,2026-04-01,2026-05-01,2026-04-26,6670.89,Paga
INV-01092,C053,2026-04-26,2026-05-31,2026-07-08,5305.99,Paga
INV-01093,C053,2026-04-08,2026-05-13,2026-05-16,7184.37,Paga
INV-01094,C055,2026-04-03,2026-06-07,2026-06-06,19605.5,Paga
INV-01095,C010,2026-04-28,2026-05-08,2026-05-03,2514.05,Paga
INV-01096,C052,2026-04-04,2026-06-03,2026-06-06,15586.06,Paga
INV-01097,C048,2026-04-18,2026-05-28,2026-06-01,7178.73,Paga
INV-01098,C036,2026-05-16,2026-06-15,2026-06-10,1419.79,Paga
INV-01099,C043,2026-05-01,2026-05-11,2026-05-17,1003.99,Paga
INV-01100,C017,2026-05-06,2026-05-16,2026-05-15,2679.07,Paga
INV-01101,C018,2026-05-02,2026-07-01,2026-07-02,3184.53,Paga
INV-01102,C043,2026-05-09,2026-05-19,2026-05-14,1315.57,Paga
INV-01103,C007,2026-05-01,2026-07-10,,14553.9,Vencida
INV-01104,C025,2026-05-17,2026-06-11,2026-06-09,7530.91,Paga
INV-01105,C039,2026-05-18,2026-07-17,,21570.0,Em Aberto
INV-01106,C036,2026-05-30,2026-06-29,2026-06-26,6348.61,Paga
INV-01107,C020,2026-05-11,2026-06-10,,2749.83,Vencida
INV-01108,C044,2026-05-12,2026-06-06,2026-06-01,6737.53,Paga
INV-01109,C033,2026-05-09,2026-06-08,2026-06-03,13654.2,Paga
INV-01110,C053,2026-05-01,2026-06-05,2026-06-06,3179.51,Paga
INV-01111,C022,2026-05-29,2026-07-23,,16584.18,Em Aberto
INV-01112,C034,2026-05-22,2026-07-21,2026-07-16,25741.05,Paga
INV-01113,C016,2026-05-19,2026-07-18,,14789.28,Em Aberto
INV-01114,C022,2026-05-15,2026-07-09,2026-07-08,15456.77,Paga
INV-01115,C035,2026-05-22,2026-06-21,2026-06-22,7697.03,Paga
INV-01116,C046,2026-05-29,2026-06-28,2026-07-07,5013.34,Paga
INV-01117,C050,2026-05-05,2026-05-25,2026-05-20,4108.84,Paga
INV-01118,C005,2026-05-18,2026-06-17,2026-06-14,5971.23,Paga
INV-01119,C054,2026-05-29,2026-08-07,,14054.62,Em Aberto
INV-01120,C027,2026-05-14,2026-07-13,2026-07-11,19016.58,Paga
INV-01121,C041,2026-05-30,2026-07-29,,6305.16,Em Aberto
INV-01122,C009,2026-05-06,2026-05-31,,2605.51,Vencida
INV-01123,C040,2026-05-20,2026-07-29,,17137.93,Em Aberto
INV-01124,C015,2026-05-08,2026-06-17,2026-06-12,5677.03,Paga
INV-01125,C031,2026-05-05,2026-06-04,2026-06-02,3400.75,Paga
INV-01126,C024,2026-05-06,2026-05-26,2026-06-16,2735.97,Paga
INV-01127,C013,2026-05-08,2026-07-02,,28495.54,Vencida
INV-01128,C018,2026-05-14,2026-07-13,,19612.69,Vencida
INV-01129,C014,2026-05-03,2026-06-02,2026-06-11,9003.35,Paga
INV-01130,C040,2026-05-16,2026-07-25,,13185.93,Em Aberto
INV-01131,C028,2026-05-13,2026-05-28,2026-05-23,2372.77,Paga
INV-01132,C047,2026-05-11,2026-07-10,2026-07-15,6270.63,Paga
INV-01133,C035,2026-05-17,2026-06-16,2026-07-03,4260.92,Paga
INV-01134,C007,2026-05-15,2026-07-24,,5553.96,Em Aberto
INV-01135,C016,2026-05-17,2026-07-16,,415.22,Em Aberto
INV-01136,C025,2026-05-17,2026-06-11,2026-06-06,7054.68,Paga
INV-01137,C029,2026-05-13,2026-05-28,2026-05-23,3192.33,Paga
INV-01138,C011,2026-05-14,2026-07-13,,14108.51,Vencida
INV-01139,C010,2026-05-15,2026-05-25,2026-05-20,2606.18,Paga
INV-01140,C008,2026-05-06,2026-05-31,2026-05-26,7462.81,Paga
INV-01141,C009,2026-05-13,2026-06-07,2026-06-08,1478.22,Paga
INV-01142,C038,2026-05-29,2026-08-07,,17015.67,Em Aberto
INV-01143,C017,2026-05-11,2026-05-21,2026-05-16,1598.85,Paga
INV-01144,C046,2026-05-24,2026-06-23,2026-06-23,7299.31,Paga
INV-01145,C024,2026-05-03,2026-05-23,2026-05-20,1450.38,Paga
INV-01146,C033,2026-05-20,2026-06-19,2026-06-15,8609.82,Paga
INV-01147,C050,2026-05-06,2026-05-26,2026-05-21,3046.88,Paga
INV-01148,C010,2026-05-06,2026-05-16,2026-05-12,2528.29,Paga
INV-01149,C027,2026-05-10,2026-07-09,2026-07-15,14062.26,Paga
INV-01150,C041,2026-05-06,2026-07-05,2026-07-05,20474.3,Paga
INV-01151,C040,2026-05-25,2026-08-03,,17863.58,Em Aberto
INV-01152,C035,2026-05-26,2026-06-25,2026-06-23,11206.83,Paga
INV-01153,C038,2026-05-22,2026-07-31,,11601.91,Em Aberto
INV-01154,C039,2026-05-01,2026-06-30,2026-07-04,18263.44,Paga
INV-01155,C036,2026-05-27,2026-06-26,2026-06-23,6828.14,Paga
INV-01156,C042,2026-05-12,2026-06-11,2026-06-11,10843.3,Paga
INV-01157,C054,2026-05-20,2026-07-29,,13752.49,Em Aberto
INV-01158,C027,2026-05-06,2026-07-05,2026-07-06,20724.91,Paga
INV-01159,C045,2026-05-20,2026-06-24,2026-06-19,3872.45,Paga
INV-01160,C048,2026-06-19,2026-07-29,,6107.64,Em Aberto
INV-01161,C021,2026-06-12,2026-07-12,2026-07-07,9871.08,Paga
INV-01162,C054,2026-06-18,2026-08-27,,24524.42,Em Aberto
INV-01163,C018,2026-06-11,2026-08-10,,10427.33,Em Aberto
INV-01164,C040,2026-06-02,2026-08-11,,25880.65,Em Aberto
INV-01165,C006,2026-06-16,2026-07-16,2026-07-11,5997.27,Paga
INV-01166,C046,2026-06-10,2026-07-10,2026-07-12,2541.23,Paga
INV-01167,C037,2026-06-20,2026-07-20,,5771.84,Em Aberto
INV-01168,C034,2026-06-24,2026-08-23,,13039.82,Em Aberto
INV-01169,C040,2026-06-08,2026-08-17,,13487.39,Em Aberto
INV-01170,C002,2026-06-15,2026-08-09,,1050.67,Em Aberto
INV-01171,C052,2026-06-20,2026-08-19,,26255.26,Em Aberto
INV-01172,C036,2026-06-26,2026-07-26,,7554.36,Em Aberto
INV-01173,C019,2026-06-09,2026-07-09,2026-07-05,6608.15,Paga
INV-01174,C021,2026-06-25,2026-07-25,,9028.28,Em Aberto
INV-01175,C044,2026-06-11,2026-07-06,2026-07-11,4516.59,Paga
INV-01176,C002,2026-06-27,2026-08-21,,20542.27,Em Aberto
INV-01177,C044,2026-06-16,2026-07-11,2026-07-06,10013.34,Paga
INV-01178,C031,2026-06-05,2026-07-05,2026-06-30,3152.88,Paga
INV-01179,C022,2026-06-15,2026-08-09,,19380.33,Em Aberto
INV-01180,C054,2026-06-17,2026-08-26,,14911.65,Em Aberto
INV-01181,C035,2026-06-01,2026-07-01,2026-07-06,7397.08,Paga
INV-01182,C051,2026-06-12,2026-07-17,2026-07-16,7683.4,Paga
INV-01183,C022,2026-06-13,2026-08-07,,9518.01,Em Aberto
INV-01184,C025,2026-06-06,2026-07-01,2026-06-26,2740.36,Paga
INV-01185,C046,2026-06-28,2026-07-28,,6272.6,Em Aberto
INV-01186,C032,2026-06-29,2026-08-23,,18535.9,Em Aberto
INV-01187,C014,2026-06-17,2026-07-17,,6141.63,Em Aberto
INV-01188,C050,2026-06-07,2026-06-27,,2913.44,Vencida
INV-01189,C031,2026-06-29,2026-07-29,,5223.8,Em Aberto
INV-01190,C047,2026-06-28,2026-08-27,,31292.89,Em Aberto
INV-01191,C007,2026-06-27,2026-09-05,,14541.13,Em Aberto
INV-01192,C014,2026-06-24,2026-07-24,,5777.04,Em Aberto
INV-01193,C008,2026-06-01,2026-06-26,2026-07-03,9453.86,Paga
INV-01194,C006,2026-06-11,2026-07-11,2026-07-15,7706.4,Paga
INV-01195,C043,2026-06-24,2026-07-04,2026-06-29,2466.9,Paga
INV-01196,C014,2026-06-11,2026-07-11,2026-07-08,5578.44,Paga
INV-01197,C050,2026-06-15,2026-07-05,2026-07-03,3124.3,Paga
INV-01198,C008,2026-06-01,2026-06-26,2026-06-22,7818.43,Paga
INV-01199,C035,2026-06-12,2026-07-12,2026-07-08,6113.08,Paga
INV-01200,C052,2026-06-10,2026-08-09,,32960.81,Em Aberto
INV-01201,C022,2026-06-18,2026-08-12,,22789.57,Em Aberto
INV-01202,C044,2026-06-02,2026-06-27,2026-06-30,8371.61,Paga
INV-01203,C012,2026-06-23,2026-07-08,2026-07-03,2469.26,Paga
INV-01204,C045,2026-06-15,2026-07-20,2026-07-15,4118.43,Paga
INV-01205,C046,2026-06-25,2026-07-25,,10376.96,Em Aberto
INV-01206,C049,2026-06-25,2026-08-19,,14451.23,Em Aberto
INV-01207,C045,2026-06-15,2026-07-20,2026-07-15,9568.11,Paga
INV-01208,C050,2026-06-15,2026-07-05,2026-07-06,3228.54,Paga
INV-01209,C040,2026-06-09,2026-08-18,,16862.13,Em Aberto
INV-01210,C043,2026-06-11,2026-06-21,2026-06-23,2949.15,Paga
INV-01211,C002,2026-06-03,2026-07-28,,13337.47,Em Aberto
INV-01212,C011,2026-06-10,2026-08-09,,23631.12,Em Aberto
INV-01213,C007,2026-06-13,2026-08-22,,15993.33,Em Aberto
INV-01214,C042,2026-06-03,2026-07-03,2026-06-28,4566.21,Paga
INV-01215,C027,2026-06-08,2026-08-07,,16697.33,Em Aberto
INV-01216,C025,2026-06-03,2026-06-28,2026-06-29,4677.18,Paga
